block_group_geoid,population,land_area_sq_miles,population_density_per_sq_mile,internal_latitude,internal_longitude
050014801001,1224,265.718127,4.606385,34.342438,-91.216021
050014802001,1527,277.074623,5.511151,34.379055,-91.555195
050014803001,1106,0.533694,2072.350245,34.499480,-91.543038
050014803002,1592,15.323289,103.894145,34.511388,-91.499209
050014804001,1524,0.731820,2082.479407,34.506733,-91.556824
050014804002,692,22.735219,30.437357,34.530820,-91.554860
050014805001,1391,0.751541,1850.863050,34.486586,-91.564439
050014805002,1777,0.747074,2378.614052,34.494397,-91.552281
050014805003,653,3.891590,167.797752,34.477741,-91.562383
050014806001,1700,51.506162,33.005760,34.306902,-91.389522
050014807001,1221,0.858304,1422.572347,34.294180,-91.332046
050014807002,1506,58.868088,25.582621,34.288878,-91.288500
050014808001,660,291.521060,2.263987,34.113887,-91.334500
050014808002,576,1.879966,306.388557,34.119156,-91.380336
050039601001,850,107.714061,7.891263,33.235940,-91.513224
050039601002,638,194.272796,3.284042,33.273621,-91.656579
050039602001,1053,83.762818,12.571210,33.346191,-91.862774
050039602002,1396,76.943113,18.143274,33.252986,-91.974836
050039603001,756,11.355193,66.577468,33.271343,-91.782637
050039603002,787,14.427107,54.550090,33.259523,-91.830985
050039603003,1678,40.357551,41.578341,33.188647,-91.857410
050039603004,1082,16.001536,67.618510,33.189436,-91.787295
050039604001,1032,245.347226,4.206284,33.082118,-91.786917
050039604002,475,43.271610,10.977174,33.037593,-91.559361
050039605001,916,3.959390,231.348746,33.172533,-91.954193
050039605002,484,0.715196,676.737981,33.174095,-91.933188
050039605003,1047,5.572099,187.900455,33.149122,-91.927979
050039606001,870,2.998733,290.122559,33.123969,-91.936226
050039606002,989,5.341374,185.158339,33.153868,-91.975942
050039606003,1034,0.817807,1264.357236,33.123722,-91.975708
050039606004,1148,12.579187,91.261859,33.089417,-91.972029
050039606005,1048,1.023754,1023.683303,33.116084,-91.946036
050039607001,811,52.566589,15.428051,33.140417,-92.061726
050039607002,968,6.464502,149.740840,33.131047,-91.996516
050059501001,839,4.086361,205.317159,36.306901,-92.407873
050059501002,923,1.503443,613.924251,36.310873,-92.382027
050059501003,1668,1.112846,1498.859113,36.324515,-92.363331
050059501004,1098,3.795049,289.324351,36.304033,-92.358471
050059502001,1069,0.526942,2028.687034,36.337912,-92.378061
050059502002,1484,1.990655,745.483239,36.349426,-92.348854
050059502003,2208,5.190785,425.369202,36.334763,-92.335222
050059503001,1681,2.629144,639.371664,36.358357,-92.370251
050059503002,1744,1.320923,1320.288481,36.357967,-92.390290
050059503003,1662,4.193031,396.371996,36.369879,-92.416475
050059504001,1288,3.940019,326.901989,36.345522,-92.422353
050059504002,2096,6.107153,343.204123,36.324029,-92.425548
050059505001,1278,37.363451,34.204549,36.232621,-92.418200
050059505002,833,137.522517,6.057190,36.095634,-92.327316
050059505003,1373,20.176149,68.050647,36.251532,-92.274888
050059505004,1626,44.808483,36.287771,36.211900,-92.220968
050059506001,2226,27.356362,81.370469,36.295469,-92.323185
050059506002,940,33.455574,28.096962,36.324319,-92.230849
050059506003,645,2.992079,215.569203,36.351885,-92.304519
050059507001,1260,6.833887,184.375306,36.380237,-92.342505
050059507002,865,4.460969,193.904054,36.390627,-92.298057
050059507003,1231,49.167047,25.037095,36.439389,-92.203120
050059508011,1355,6.685857,202.666616,36.365753,-92.549743
050059508012,1814,51.771959,35.038272,36.443405,-92.473271
050059508013,1067,4.414956,241.678524,36.386465,-92.509031
050059508021,1847,47.360469,38.998769,36.452384,-92.343262
050059509001,1412,20.424663,69.132108,36.358744,-92.494588
050059509002,852,1.706206,499.353565,36.277360,-92.519974
050059509003,1711,4.233194,404.186536,36.280976,-92.502117
050059509004,1532,16.795399,91.215455,36.293755,-92.477007
050070201021,2766,5.820433,475.222416,36.388939,-94.143153
050070201022,1757,6.483078,271.013243,36.421287,-94.132929
050070201023,1952,8.074173,241.758495,36.423297,-94.090208
050070201024,1176,2.855876,411.782634,36.388902,-94.103002
050070201031,2219,14.090900,157.477523,36.472553,-94.119648
050070201032,1441,0.500808,2877.351900,36.447262,-94.111862
050070201033,1401,2.127039,658.661959,36.465623,-94.111201
050070201041,1710,28.906813,59.155604,36.477948,-94.002276
050070202011,1116,2.542312,438.970569,36.353355,-94.100923
050070202012,2891,2.716822,1064.110887,36.363423,-94.114579
050070202013,992,0.416620,2381.068547,36.335153,-94.120746
050070202031,1657,4.036436,410.510668,36.326002,-94.074666
050070202032,1374,1.287457,1067.219892,36.330315,-94.105586
050070202051,2345,0.627769,3735.453323,36.318648,-94.111364
050070202052,1489,2.613554,569.722283,36.293595,-94.090623
050070202053,2519,2.296109,1097.073540,36.311081,-94.087450
050070202061,1869,1.899256,984.069643,36.300494,-94.121248
050070202062,2425,0.586576,4134.158557,36.310035,-94.109281
050070202063,3041,0.598609,5080.108078,36.295184,-94.113754
050070203011,1571,0.929795,1689.619751,36.351820,-94.138100
050070203012,1321,0.378651,3488.699211,36.336847,-94.132992
050070203013,1413,0.384089,3678.830946,36.343547,-94.140365
050070203021,1197,0.389139,3076.022848,36.346777,-94.147901
050070203022,1468,0.349924,4195.201298,36.338149,-94.148031
050070203023,1633,0.396632,4117.171208,36.336552,-94.164559
050070203041,4380,2.294575,1908.849891,36.364345,-94.147809
050070203051,2530,1.119833,2259.266344,36.349509,-94.162391
050070203052,1538,0.619995,2480.666215,36.338287,-94.177362
050070204011,1792,0.510429,3510.769765,36.330570,-94.152697
050070204012,2980,2.413588,1234.676582,36.328810,-94.171853
050070204013,2514,0.696497,3609.493397,36.318818,-94.149709
050070204021,1086,0.504739,2151.607083,36.330136,-94.134705
050070204022,1894,0.502169,3771.637876,36.322855,-94.134940
050070204023,1707,0.499825,3415.192172,36.316960,-94.132279
050070204041,1395,0.826078,1688.701887,36.292379,-94.136611
050070204042,1926,0.500086,3851.336958,36.304076,-94.129932
050070204043,1632,0.498671,3272.696201,36.306726,-94.140901
050070204051,3235,2.671097,1211.112795,36.297653,-94.156059
050070204052,2244,2.231300,1005.691657,36.294403,-94.181143
050070205011,935,0.852508,1096.764191,36.381156,-94.200669
050070205012,1028,0.696272,1476.435481,36.369355,-94.192266
050070205013,1641,2.923645,561.285640,36.392000,-94.183510
050070205014,1732,1.300275,1332.025835,36.379727,-94.180976
050070205031,1126,0.781751,1440.356183,36.339967,-94.191266
050070205032,1952,1.105161,1766.257781,36.346253,-94.203986
050070205033,1649,0.549812,2999.208145,36.352245,-94.185771
050070205041,1464,1.125226,1301.071945,36.364177,-94.179810
050070205042,1355,0.530279,2555.257354,36.362493,-94.203313
050070206041,1947,0.523665,3718.026177,36.363091,-94.243177
050070206042,1057,0.523303,2019.863115,36.365792,-94.215000
050070206043,1567,2.021732,775.077979,36.344643,-94.215982
050070206051,1050,0.473215,2218.864980,36.381751,-94.210649
050070206052,1028,0.376027,2733.847529,36.380443,-94.218400
050070206053,2407,2.240491,1074.318279,36.397506,-94.206750
050070206061,2684,2.041458,1314.746356,36.384626,-94.236790
050070206062,1615,1.590006,1015.719594,36.401320,-94.225197
050070206071,1972,2.013141,979.563824,36.326162,-94.201282
050070206072,2799,0.886233,3158.312924,36.328500,-94.230168
050070206073,4680,1.732945,2700.605007,36.343417,-94.229946
050070206081,1652,0.619617,2666.162570,36.351416,-94.247203
050070206082,1607,0.242984,6613.611240,36.339652,-94.249367
050070207011,1854,2.797793,662.665235,36.480997,-94.225052
050070207012,1333,1.655942,804.979714,36.489046,-94.244131
050070207013,1567,3.055460,512.852342,36.492312,-94.216931
050070207014,1029,4.632772,222.113229,36.477187,-94.164367
050070207031,1136,1.234582,920.149406,36.448539,-94.230950
050070207032,2553,3.379566,755.422421,36.471691,-94.202527
050070207033,1414,1.219155,1159.819695,36.457127,-94.234509
050070207041,2083,10.405454,200.183474,36.430301,-94.175832
050070207042,2587,2.106303,1228.218066,36.443018,-94.199007
050070208011,1079,3.147150,342.849926,36.490452,-94.316690
050070208012,1239,3.975483,311.660265,36.476132,-94.360194
050070208013,1066,1.370898,777.592393,36.463520,-94.320301
050070208014,1220,2.544065,479.547576,36.477412,-94.336397
050070208031,1603,2.897686,553.200131,36.488852,-94.295253
050070208032,1592,1.127620,1411.823322,36.476813,-94.273396
050070208033,1458,1.369067,1064.959213,36.485615,-94.269235
050070208051,1587,1.893180,838.272061,36.446620,-94.270147
050070208052,1817,3.836718,473.581896,36.434870,-94.242510
050070208053,1469,0.974384,1507.619755,36.459334,-94.257899
050070208061,1225,1.323352,925.679353,36.463389,-94.286744
050070208062,1888,8.415526,224.347239,36.437911,-94.302910
050070208063,3637,9.664219,376.336660,36.403464,-94.274323
050070209031,3221,0.578130,5571.410628,36.361860,-94.264630
050070209032,2089,0.441712,4729.321051,36.364242,-94.253240
050070209041,2807,0.622165,4511.667579,36.364799,-94.281841
050070209042,3236,2.156184,1500.799809,36.377747,-94.282769
050070209051,1102,14.220495,77.493786,36.408965,-94.364570
050070209052,1969,31.339228,62.828605,36.459382,-94.415609
050070209061,2994,8.099022,369.674259,36.406376,-94.326242
050070209062,1098,17.173281,63.936531,36.356288,-94.397223
050070209063,1422,2.720796,522.641116,36.379786,-94.318110
050070210011,923,8.507591,108.491344,36.455204,-94.481342
050070210012,1563,49.957044,31.286879,36.454401,-94.545609
050070210013,1136,38.565637,29.456275,36.344396,-94.544881
050070210014,1643,5.091050,322.723185,36.397490,-94.463765
050070210031,2094,25.328775,82.672769,36.321344,-94.496752
050070210032,1197,0.909591,1315.975453,36.273108,-94.487734
050070210041,1476,4.930601,299.355010,36.224260,-94.528200
050070210042,1611,1.258424,1280.173131,36.259553,-94.490876
050070210043,919,13.354041,68.818121,36.255959,-94.538943
050070211011,1178,0.670566,1756.724883,36.200693,-94.536272
050070211012,913,0.265183,3442.909561,36.186546,-94.537817
050070211013,1732,2.976316,581.927536,36.208364,-94.516121
050070211014,1328,2.044164,649.654266,36.185781,-94.517344
050070211021,1360,4.525537,300.516849,36.153588,-94.532708
050070211022,2138,1.248779,1712.072227,36.169412,-94.534673
050070212011,1692,0.737191,2295.198847,36.187133,-94.561020
050070212012,797,0.178710,4459.727441,36.184419,-94.544634
050070212013,2405,1.983324,1212.610649,36.200212,-94.554646
050070212021,1832,0.622468,2943.122668,36.178340,-94.551771
050070212022,1689,1.951568,865.458086,36.163139,-94.556462
050070213041,3716,1.368847,2714.693044,36.322893,-94.243559
050070213042,3118,1.357210,2297.359217,36.354628,-94.278079
050070213043,5315,7.866889,675.616498,36.329313,-94.273110
050070213051,1258,15.281529,82.321606,36.309981,-94.422170
050070213052,2536,31.570306,80.328648,36.273102,-94.296076
050070213053,1983,10.527002,188.372727,36.310316,-94.341770
050070213054,1681,4.624484,363.500032,36.346821,-94.326040
050070213061,1785,3.395574,525.684334,36.305496,-94.212812
050070213062,2840,1.575820,1802.236324,36.294823,-94.203083
050070213081,4200,2.113500,1987.224572,36.279387,-94.206534
050070213082,2311,1.317808,1753.669243,36.280069,-94.185449
050070213121,2062,39.029879,52.831319,36.216517,-94.402603
050070213122,1989,19.506826,101.964308,36.259274,-94.438127
050070213131,1661,7.788343,213.267452,36.163207,-94.479379
050070213132,1643,45.625503,36.010562,36.136790,-94.423630
050070213141,1088,0.636419,1709.565183,36.217502,-94.166594
050070213142,2663,1.279963,2080.528232,36.218752,-94.149221
050070213151,2212,1.678691,1317.693288,36.259481,-94.152630
050070213152,2937,2.451431,1198.075763,36.277198,-94.154762
050070213153,1126,4.141916,271.854866,36.239157,-94.156430
050070213161,4468,5.147736,867.954316,36.265088,-94.215004
050070213162,2725,3.570225,763.257160,36.252060,-94.204394
050070213171,1223,6.332473,193.131496,36.222596,-94.246709
050070213172,2458,6.142327,400.174043,36.227660,-94.197396
050070214041,1293,16.879964,76.599690,36.425055,-93.993630
050070214042,910,3.808450,238.942357,36.371357,-94.079340
050070214043,1610,8.638014,186.385440,36.388548,-94.051257
050070214051,731,20.695686,35.321371,36.458792,-93.908391
050070214052,761,14.838284,51.286255,36.383397,-93.979578
050070214053,528,9.791762,53.922880,36.382421,-93.903890
050070214061,1868,1.728983,1080.404013,36.231202,-94.122167
050070214062,1596,1.412214,1130.140169,36.264841,-94.125526
050070214063,2454,3.779828,649.235930,36.258750,-94.116535
050070214071,1409,7.633197,184.588445,36.277020,-94.074336
050070214072,1630,4.257966,382.811863,36.345061,-94.043287
050070214073,1548,3.795836,407.815305,36.316712,-94.030971
050070214081,1915,4.717866,405.903884,36.233057,-94.076177
050070214082,1597,7.782032,205.216328,36.229591,-94.049033
050070214083,2408,3.787925,635.704161,36.239000,-94.100013
050070214091,1324,53.539543,24.729386,36.279511,-93.926641
050070214092,1210,8.471059,142.839284,36.322852,-93.958101
050097901001,2332,81.187965,28.723469,36.455364,-93.176030
050097901002,2422,29.634748,81.728382,36.319580,-93.093319
050097901003,2104,74.931065,28.079142,36.374348,-93.184025
050097902001,1311,62.094238,21.113070,36.414612,-92.967744
050097902002,803,8.251573,97.314778,36.456789,-92.899632
050097902003,1561,39.803180,39.217972,36.270360,-92.963756
050097902004,2372,58.109889,40.819214,36.359691,-93.006864
050097903001,2128,31.529010,67.493398,36.219896,-93.010748
050097903002,1682,29.994572,56.076812,36.147917,-93.048105
050097903003,1728,39.097211,44.197526,36.166195,-92.936722
050097904001,1854,68.732282,26.974225,36.173251,-93.220276
050097904002,2076,17.719995,117.155788,36.201404,-93.150919
050097904003,768,13.627609,56.356180,36.259255,-93.257901
050097904004,1460,15.240502,95.797372,36.260552,-93.195919
050097905011,1570,2.250419,697.647914,36.239571,-93.132505
050097905012,1275,1.051795,1212.213204,36.255643,-93.146305
050097905013,1185,1.279932,925.830620,36.258407,-93.128338
050097905021,1279,5.663061,225.849584,36.251525,-93.081052
050097905022,1267,0.629535,2012.598037,36.237112,-93.110323
050097905023,1392,2.475277,562.361391,36.257092,-93.105969
050097906001,672,3.467587,193.794707,36.220372,-93.080795
050097906002,2114,1.737608,1216.614771,36.226960,-93.136355
050097906003,893,0.424109,2105.589376,36.224891,-93.112917
050097906004,1125,0.789755,1424.493144,36.220445,-93.102857
050119501001,1356,29.578988,45.843353,33.656084,-92.032007
050119501002,1259,14.247488,88.366456,33.674315,-92.075826
050119502001,794,24.381305,32.565935,33.655130,-92.137362
050119502002,1120,15.157906,73.888833,33.616989,-92.150043
050119503001,590,0.334104,1765.917990,33.606440,-92.078431
050119503002,703,44.023268,15.968828,33.524953,-92.126337
050119503003,682,26.964426,25.292584,33.568491,-92.169833
050119504001,745,14.307980,52.068847,33.550454,-92.053566
050119504002,841,17.890108,47.009218,33.576639,-92.008687
050119505001,981,50.186659,19.547027,33.436330,-92.158381
050119505002,834,286.634150,2.909632,33.342710,-92.166751
050119505003,640,125.460697,5.101199,33.579278,-92.264234
050134801001,1252,265.055566,4.723538,33.540623,-92.405687
050134801002,990,22.574848,43.854116,33.481960,-92.459832
050134802001,1112,192.394345,5.779796,33.513246,-92.614656
050134802002,564,29.428147,19.165325,33.478899,-92.502639
050134802003,821,119.147618,6.890612,33.691793,-92.556883
050159501001,1247,5.285591,235.924419,36.419192,-93.752354
050159501002,1731,14.896048,116.205316,36.388971,-93.726014
050159502011,891,19.263399,46.253520,36.420600,-93.837955
050159502012,1095,19.131316,57.235999,36.470907,-93.801892
050159502013,1510,67.568870,22.347569,36.340167,-93.802886
050159502021,829,27.832791,29.785012,36.462314,-93.646446
050159502022,1110,6.016161,184.503047,36.481702,-93.712989
050159502023,982,6.434398,152.617224,36.460222,-93.731599
050159503011,2320,13.694882,169.406350,36.392622,-93.611806
050159503012,1197,4.197907,285.142128,36.351427,-93.580751
050159503021,2044,11.774017,173.602609,36.352173,-93.522956
050159503022,1617,9.126358,177.179102,36.389596,-93.533889
050159504001,1327,48.533385,27.342004,36.445034,-93.518462
050159504002,1361,63.851851,21.314966,36.451840,-93.372731
050159504003,1572,53.728639,29.258139,36.351283,-93.383832
050159505011,1201,72.197313,16.634968,36.290971,-93.587762
050159505012,980,93.052444,10.531695,36.191611,-93.457731
050159505021,1496,3.937351,379.950896,36.351905,-93.453473
050159505022,2174,3.712932,585.521015,36.326231,-93.422895
050159505023,1576,85.702274,18.389244,36.251519,-93.369971
050170801001,1354,190.331854,7.113891,33.432886,-91.326417
050170801002,866,204.320980,4.238429,33.160122,-91.369833
050170801003,1111,128.159929,8.668856,33.259714,-91.168301
050170802001,503,8.560927,58.755322,33.545512,-91.423547
050170802002,874,4.645156,188.152973,33.492762,-91.446403
050170802003,767,1.131720,677.729553,33.529804,-91.448842
050170803001,557,0.294416,1891.878245,33.328303,-91.282627
050170803002,910,9.103209,99.964749,33.275575,-91.280452
050170803003,1167,16.132068,72.340383,33.349896,-91.296251
050170804001,1006,4.998792,201.248619,33.132074,-91.274082
050170804002,543,9.278542,58.522127,33.070634,-91.303405
050170804003,550,60.020110,9.163595,33.066512,-91.217337
050199536011,780,0.280020,2785.513287,34.122826,-93.067633
050199536012,1458,0.275602,5290.244065,34.128275,-93.061322
050199536013,1249,0.617811,2021.652791,34.128843,-93.083946
050199536014,1428,1.169379,1221.160454,34.133295,-93.070650
050199536021,2265,42.887428,52.812680,34.199332,-93.095912
050199536022,1864,3.481257,535.438794,34.156528,-93.055004
050199537001,1237,98.162733,12.601524,34.272765,-93.262569
050199537002,759,62.989639,12.049601,34.197010,-93.376323
050199537003,831,97.260701,8.544047,34.108106,-93.290351
050199537004,1288,142.358423,9.047585,34.019484,-93.255508
050199538001,843,0.372176,2265.058367,34.117545,-93.074308
050199538002,755,7.429038,101.628228,34.085809,-93.099005
050199538003,1946,7.318741,265.892715,34.100048,-93.058359
050199539011,842,78.847448,10.678849,34.084826,-92.950880
050199539012,989,189.055186,5.231277,33.937381,-93.014894
050199539021,1079,109.874063,9.820334,33.868538,-93.184761
050199539022,723,1.840554,392.816591,33.908367,-93.136201
050199539023,1110,21.751023,51.032083,33.941847,-93.102470
050219501001,931,95.042701,9.795597,36.277251,-90.203606
050219501002,943,73.918587,12.757278,36.413265,-90.174890
050219502001,840,120.953361,6.944826,36.408420,-90.402165
050219502002,1207,94.984611,12.707322,36.324842,-90.452445
050219503001,886,96.613020,9.170607,36.462601,-90.623924
050219503002,813,118.982728,6.832924,36.327868,-90.631847
050219504001,873,2.177395,400.937900,36.422246,-90.598291
050219504002,1380,8.778101,157.209396,36.384822,-90.568183
050219504003,929,3.997955,232.368774,36.425606,-90.563698
050219505001,985,4.341977,226.855182,36.268763,-90.279482
050219505002,1043,4.841079,215.447855,36.271300,-90.307132
050219506001,1658,7.535236,220.032930,36.377108,-90.174867
050219506002,2064,7.057010,292.475142,36.400607,-90.207565
050234801001,1295,62.818478,20.614953,35.586740,-91.902738
050234801002,1136,51.535957,22.042862,35.627793,-91.844656
050234801003,1482,39.223224,37.783737,35.482617,-91.873065
050234802011,558,38.813247,14.376535,35.670876,-92.203080
050234802012,894,25.040094,35.702741,35.627056,-92.123469
050234802031,950,23.268967,40.826909,35.592264,-91.976655
050234802032,892,13.484617,66.149450,35.560267,-92.141225
050234802033,581,26.350346,22.049046,35.566315,-92.059950
050234802041,934,56.243647,16.606320,35.662369,-92.027364
050234803011,1327,2.351566,564.304714,35.506890,-92.013505
050234803012,733,5.109092,143.469726,35.506820,-91.971368
050234803021,1514,0.881615,1717.302429,35.496563,-92.034603
050234803022,1480,2.513987,588.706255,35.519801,-92.028939
050234804001,1369,18.564133,73.744352,35.480676,-92.013679
050234804002,2117,3.516661,601.991569,35.491257,-92.060080
050234804003,833,6.350203,131.176903,35.494963,-92.088720
050234805011,1516,56.214107,26.968320,35.404632,-91.946296
050234805012,1428,32.266418,44.256539,35.402273,-92.066942
050234805021,1616,29.116090,55.501957,35.403557,-92.210352
050234805022,1174,32.685283,35.918306,35.443157,-92.146986
050234805023,882,27.611436,31.943286,35.519090,-92.186452
050259701001,1330,64.594902,20.589860,33.995244,-92.025966
050259701002,1218,47.424883,25.682720,34.018259,-92.135996
050259701003,666,22.359970,29.785371,33.925928,-92.182207
050259701004,921,149.627354,6.155292,33.987449,-92.328954
050259702001,1113,80.225141,13.873456,33.740224,-92.059646
050259702002,612,102.744902,5.956500,33.777633,-92.234563
050259702003,750,48.915694,15.332502,33.866911,-92.308536
050259702004,940,82.020932,11.460489,33.878484,-92.059829
050279501001,627,83.498454,7.509121,33.281552,-93.007530
050279501002,1686,32.602463,51.713884,33.270858,-93.137252
050279501003,971,110.709581,8.770695,33.062478,-93.109934
050279501004,623,70.968412,8.778554,33.184478,-93.124542
050279502001,1044,16.111945,64.796648,33.306607,-93.184058
050279502002,1413,19.516294,72.401041,33.340922,-93.254319
050279502003,1068,51.940041,20.562171,33.395137,-93.321508
050279502004,585,68.743848,8.509852,33.385672,-93.171377
050279503011,783,94.015767,8.328390,33.093899,-93.296260
050279503012,515,48.181930,10.688654,33.110252,-93.405881
050279503021,1480,56.227458,26.321660,33.218519,-93.310798
050279503022,1980,100.969458,19.609890,33.238244,-93.410244
050279504011,2306,1.205363,1913.116531,33.281718,-93.228311
050279504012,2298,0.953207,2410.809763,33.293150,-93.227284
050279504021,637,3.127232,203.694506,33.281960,-93.257899
050279504022,1552,0.840062,1847.483188,33.276886,-93.237978
050279505001,1602,1.410260,1135.960631,33.261125,-93.227997
050279505002,843,3.289108,256.300481,33.254101,-93.262130
050279505003,788,1.753977,449.264686,33.250485,-93.238101
050299501001,1387,63.867743,21.716753,35.341822,-92.535764
050299501002,1644,92.050697,17.859724,35.378224,-92.627567
050299501003,1944,51.680199,37.615954,35.225656,-92.608056
050299502001,1075,72.647817,14.797417,35.403630,-92.776627
050299502002,928,20.444192,45.391864,35.232834,-92.724889
050299502003,1338,53.407294,25.052758,35.296543,-92.762831
050299503001,1505,3.495384,430.567905,35.185494,-92.719785
050299503002,1706,25.317881,67.383206,35.225091,-92.813169
050299503003,1063,0.401797,2645.615728,35.156733,-92.747767
050299503004,1179,1.502693,784.591196,35.162718,-92.725291
050299504001,1113,16.735061,66.507079,35.157912,-92.809475
050299504002,1316,1.037372,1268.589842,35.144959,-92.738574
050299505001,1442,43.265079,33.329421,35.146223,-92.586632
050299505002,1171,28.786990,40.678098,35.134804,-92.679027
050299506001,598,58.307102,10.256041,35.112752,-92.914211
050299506002,1306,18.969704,68.846618,35.097803,-92.770077
050310001011,1360,0.291342,4668.055308,35.832109,-90.710835
050310001012,999,0.255096,3916.176333,35.832154,-90.700313
050310001013,850,0.324450,2619.820157,35.839325,-90.710304
050310001014,491,0.284209,1727.599361,35.839247,-90.700143
050310001021,1343,0.492587,2726.420806,35.824972,-90.696577
050310001022,1214,0.485584,2500.083939,35.828136,-90.673148
050310001023,1161,0.962135,1206.690986,35.831693,-90.686139
050310002001,1367,1.081723,1263.724049,35.836677,-90.736822
050310002002,1603,0.394876,4059.506769,35.831995,-90.728875
050310002003,1145,0.267399,4281.998193,35.834589,-90.720024
050310003001,1402,0.672438,2084.949894,35.812759,-90.707497
050310003002,1312,0.374606,3502.343166,35.815730,-90.716385
050310003003,1041,0.469133,2218.984917,35.819183,-90.728974
050310003004,694,0.186975,3711.726373,35.826226,-90.737083
050310003005,833,0.132157,6303.091847,35.826346,-90.728251
050310003006,913,0.325510,2804.832771,35.824821,-90.719734
050310003007,849,0.325776,2606.081971,35.823679,-90.711161
050310004011,629,0.326299,1927.681037,35.810185,-90.653430
050310004012,2273,4.259797,533.593482,35.788609,-90.647210
050310004013,1156,0.498702,2318.019818,35.814650,-90.650710
050310004014,793,5.314864,149.204189,35.773935,-90.638337
050310004015,1689,12.135561,139.177743,35.741888,-90.658452
050310004031,1179,1.698870,693.990570,35.814309,-90.683813
050310004032,1418,0.226156,6270.012071,35.798552,-90.675895
050310004033,1563,0.485192,3221.406445,35.814299,-90.662598
050310004034,637,0.282057,2258.412707,35.802936,-90.675133
050310004041,2350,0.877495,2678.078665,35.784336,-90.677596
050310004042,1787,0.469141,3809.091297,35.794196,-90.682579
050310004043,695,0.503636,1379.965162,35.805001,-90.692089
050310005011,2627,3.321745,790.849301,35.877505,-90.644972
050310005012,2135,4.858775,439.411185,35.898087,-90.636252
050310005013,2262,1.084771,2085.233472,35.854136,-90.642124
050310005014,1226,6.417903,191.028134,35.856930,-90.591884
050310005021,2268,22.038556,102.910552,35.815474,-90.597618
050310005022,3135,1.966145,1594.491109,35.839804,-90.658076
050310005023,1114,2.046660,544.301557,35.830814,-90.650152
050310006011,1789,8.579412,208.522459,35.895618,-90.678246
050310006012,1415,2.228609,634.925173,35.864590,-90.678159
050310006013,2216,0.791288,2800.496750,35.860516,-90.698837
050310006014,1634,0.851978,1917.888934,35.857194,-90.665784
050310006021,639,0.447772,1427.066983,35.842085,-90.691160
050310006022,1103,0.274341,4020.543369,35.846427,-90.689715
050310006023,677,0.098486,6874.061858,35.848080,-90.680440
050310006024,3024,0.784885,3852.795272,35.844093,-90.673678
050310006025,674,0.062815,10729.993954,35.847668,-90.684932
050310007011,1656,8.669127,191.022693,35.904637,-90.734223
050310007012,2346,9.401443,249.536157,35.871550,-90.745667
050310007021,1396,0.890243,1568.111713,35.864558,-90.709458
050310007022,929,2.381043,390.165154,35.847240,-90.739344
050310007023,1438,11.039090,130.264355,35.852394,-90.799848
050310008031,2248,0.995799,2257.484188,35.786455,-90.744127
050310008032,1443,3.496657,412.679840,35.793810,-90.783985
050310008033,2313,2.471639,935.816219,35.795409,-90.756925
050310008041,1071,4.840976,221.236401,35.813582,-90.760856
050310008042,1799,1.447758,1242.610991,35.814728,-90.739785
050310008051,1458,0.511321,2851.436262,35.801121,-90.709113
050310008052,1166,0.450152,2590.234694,35.792116,-90.692831
050310008053,942,0.432439,2178.343605,35.799581,-90.702230
050310008061,1742,3.435177,507.106363,35.772916,-90.701422
050310008062,2242,20.655521,108.542406,35.754192,-90.735265
050310009001,1195,18.663471,64.028819,35.740889,-90.600753
050310009002,1562,19.923372,78.400384,35.734623,-90.538370
050310009003,1372,15.575551,88.086769,35.811511,-90.487476
050310009004,1584,31.612336,50.107022,35.765129,-90.455914
050310010001,578,65.020588,8.889492,35.925726,-90.368819
050310010002,1276,4.250037,300.232661,35.888071,-90.344646
050310010003,941,70.187106,13.407021,35.781003,-90.366874
050310010004,1213,11.899699,101.935348,35.747896,-90.321905
050310011011,2452,13.589840,180.428904,35.930318,-90.607599
050310011012,2333,20.991560,111.139905,35.942292,-90.689583
050310011021,674,49.843250,13.522393,35.896010,-90.488555
050310011022,753,16.470984,45.716759,35.926967,-90.533423
050310011023,3587,7.300346,491.346557,35.903073,-90.567803
050310012001,682,64.348617,10.598518,35.861304,-90.990548
050310012002,934,5.904343,158.188633,35.891754,-90.802525
050310012003,1043,126.418298,8.250388,35.774483,-90.896249
050310012004,2179,3.782566,576.064030,35.918312,-90.798299
050330201011,1034,71.614958,14.438325,35.696863,-94.070849
050330201012,864,43.551451,19.838604,35.710368,-94.177328
050330201013,780,29.619205,26.334265,35.614768,-94.223571
050330201021,1607,11.452982,140.312808,35.576008,-94.169654
050330201022,1096,29.207795,37.524229,35.592087,-94.113511
050330202041,2716,4.791555,566.830577,35.478051,-94.337944
050330202042,1857,14.874837,124.841707,35.499788,-94.286430
050330202043,770,6.323053,121.776625,35.520653,-94.335466
050330202051,765,96.621607,7.917484,35.701775,-94.358657
050330202052,2450,51.643729,47.440416,35.602156,-94.424501
050330202061,839,16.066892,52.219186,35.559579,-94.285988
050330202062,1229,28.834496,42.622559,35.608650,-94.311283
050330202071,2664,10.253760,259.807139,35.476723,-94.411024
050330202072,1368,13.040931,104.900490,35.521954,-94.410175
050330202081,2428,1.087423,2232.801486,35.468571,-94.370696
050330202082,1410,0.727486,1938.180693,35.476793,-94.368288
050330203011,1663,0.735700,2260.431355,35.452233,-94.351308
050330203012,2000,0.920853,2171.899608,35.453230,-94.337001
050330203013,821,0.289367,2837.224019,35.443941,-94.343591
050330203021,1456,5.458718,266.729289,35.444209,-94.423318
050330203022,1550,0.882236,1756.900091,35.452567,-94.360703
050330203023,919,0.359999,2552.782486,35.461052,-94.375456
050330204011,890,3.977718,223.746386,35.446572,-94.239386
050330204012,1405,5.242604,267.996572,35.452968,-94.264746
050330204013,1071,10.316405,103.815235,35.397739,-94.277601
050330204014,1451,32.458413,44.703357,35.398586,-94.217997
050330204021,1678,18.806174,89.226015,35.516507,-94.053421
050330204022,2027,17.971681,112.788562,35.495650,-94.155890
050330204023,769,17.427383,44.125960,35.478408,-94.089293
050330205011,1172,9.115374,128.573985,35.392121,-94.311088
050330205012,1628,1.775992,916.670829,35.429766,-94.324876
050330205013,1301,1.609184,808.484189,35.432943,-94.302153
050330205021,704,1.490487,472.328795,35.450719,-94.306326
050330205022,1927,0.963543,1999.910677,35.446466,-94.326782
050330205023,581,0.316109,1837.974849,35.436040,-94.351149
050330205024,1376,0.599498,2295.253241,35.432395,-94.345006
050330206011,1203,6.793980,177.068527,35.549252,-94.219706
050330206012,1371,8.605121,159.323733,35.523178,-94.229337
050330206021,770,2.957782,260.330248,35.497759,-94.256825
050330206022,932,3.099834,300.661269,35.498377,-94.197476
050330206023,2190,1.751253,1250.533038,35.495928,-94.232078
050330206024,1053,1.246538,844.739748,35.490718,-94.190248
050330206025,1254,9.344518,134.196325,35.463229,-94.203307
050330206026,1094,1.040004,1051.918638,35.480078,-94.213200
050350301011,945,0.338415,2792.428860,35.150031,-90.146758
050350301012,1046,0.263999,3962.137791,35.151710,-90.154669
050350301021,855,0.399467,2140.351565,35.158745,-90.169258
050350301022,791,0.298024,2654.150779,35.151213,-90.172036
050350301023,1159,0.352314,3289.679349,35.151767,-90.162264
050350302011,1143,0.445362,2566.454419,35.167785,-90.191999
050350302012,1016,0.185852,5466.709435,35.161833,-90.197916
050350302013,1090,0.441885,2466.707070,35.152677,-90.197882
050350302014,1470,1.058720,1388.469202,35.155004,-90.183389
050350302015,636,0.162390,3916.489585,35.159078,-90.188758
050350302021,1130,0.389464,2901.426743,35.161750,-90.207713
050350302022,1126,0.382974,2940.147689,35.152028,-90.207080
050350302023,1144,1.390262,822.866493,35.153365,-90.223506
050350303011,766,0.107016,7157.786682,35.140351,-90.196319
050350303012,2268,2.697731,840.706531,35.135944,-90.213062
050350303021,1975,0.485615,4067.008061,35.139375,-90.189286
050350303022,766,0.754886,1014.722112,35.137131,-90.181889
050350305031,726,0.314916,2305.378638,35.141847,-90.154069
050350305032,674,0.241236,2793.946182,35.140932,-90.161279
050350306011,759,80.215801,9.461976,35.029483,-90.361902
050350306021,1634,7.348409,222.361069,35.133316,-90.104728
050350306022,570,27.820216,20.488698,34.903331,-90.335253
050350306023,1492,59.721987,24.982424,35.069444,-90.257853
050350307011,440,84.366009,5.215371,35.309944,-90.349138
050350307012,446,66.145095,6.742752,35.410429,-90.376467
050350307021,879,20.072686,43.790850,35.233045,-90.246505
050350307031,906,16.995664,53.307715,35.172604,-90.249782
050350308031,1975,6.887960,286.732219,35.171500,-90.160753
050350308041,2990,1.029138,2905.344285,35.193019,-90.209085
050350308042,1345,0.775250,1734.925326,35.191348,-90.194132
050350308051,1756,0.876978,2002.331254,35.207854,-90.211401
050350308052,1640,0.805050,2037.140480,35.210156,-90.201140
050350308061,2685,27.812066,96.540831,35.213727,-90.135024
050350308062,1524,0.629228,2422.015607,35.214185,-90.188574
050350308071,1682,85.934886,19.572959,35.348378,-90.185797
050350310001,572,63.392773,9.023111,35.189543,-90.420540
050350310002,639,14.955013,42.728148,35.226525,-90.356542
050350311001,415,20.301704,20.441634,35.317104,-90.477573
050350311002,685,3.688922,185.691126,35.278236,-90.445434
050350311003,582,1.842586,315.860349,35.269104,-90.431564
050350311004,398,9.979175,39.883056,35.252246,-90.457122
050350312001,655,0.269970,2426.199286,35.143523,-90.169946
050350312002,768,0.287740,2669.076890,35.137382,-90.170209
050379501001,1058,178.423129,5.929725,35.286306,-90.584754
050379502001,821,12.978733,63.257329,35.417272,-90.741522
050379502002,860,71.892035,11.962382,35.384021,-90.729369
050379502003,1469,67.686969,21.702848,35.285692,-90.763983
050379503001,562,102.814499,5.466155,35.374433,-90.940394
050379503002,793,94.345016,8.405319,35.224583,-90.960587
050379504001,611,31.972007,19.110467,35.200732,-90.861577
050379504002,1005,16.062993,62.566173,35.171474,-90.775449
050379504003,835,24.174525,34.540492,35.212364,-90.708984
050379505001,1034,2.733331,378.292995,35.240350,-90.800102
050379505002,947,2.657545,356.343916,35.218274,-90.814013
050379505003,1024,0.436514,2345.860543,35.206286,-90.794127
050379505004,1403,0.695053,2018.549989,35.228447,-90.789786
050379506001,1640,3.366662,487.129363,35.209199,-90.773794
050379506002,1598,5.484652,291.358513,35.243260,-90.763666
050379506003,1173,0.593912,1975.038813,35.227097,-90.774191
050399701001,558,108.132386,5.160341,33.925795,-92.509196
050399701002,627,255.826686,2.450878,34.076498,-92.663505
050399702001,663,86.569314,7.658603,33.869546,-92.829166
050399702002,910,192.603224,4.724739,33.909210,-92.689849
050399703001,681,4.335734,157.066824,33.826011,-92.449686
050399703002,506,2.369053,213.587423,33.830374,-92.421074
050399703003,955,2.016771,473.529213,33.806257,-92.436746
050399703004,722,5.146485,140.289926,33.837914,-92.385794
050399703005,860,10.323219,83.307347,33.811669,-92.372430
050419501001,1342,450.522152,2.978766,33.896073,-91.166115
050419502001,1684,85.614422,19.669583,33.833496,-91.401320
050419502002,747,0.516119,1447.341795,33.898914,-91.494304
050419502003,743,0.414225,1793.712527,33.887344,-91.484491
050419502004,945,46.736618,20.219692,33.953753,-91.454152
050419503001,454,30.981938,14.653699,33.842360,-91.522284
050419503002,793,9.970931,79.531191,33.916989,-91.518913
050419504001,963,53.856821,17.880743,33.597991,-91.320062
050419504002,716,1.185149,604.143606,33.625080,-91.390124
050419504003,1113,17.351843,64.143044,33.595078,-91.419523
050419505001,717,34.816410,20.593737,33.690408,-91.378142
050419505002,1178,9.247412,127.386993,33.648333,-91.441059
050434901001,549,107.098580,5.126118,33.614079,-91.545310
050434901002,577,184.846856,3.121503,33.471747,-91.607095
050434901003,1104,119.710425,9.222254,33.738243,-91.619005
050434902001,585,25.245484,23.172461,33.651897,-91.689841
050434902002,1041,13.536732,76.901872,33.669194,-91.734325
050434902003,569,0.406227,1400.696150,33.634493,-91.785078
050434903001,1615,15.519361,104.063562,33.581432,-91.822860
050434903002,1806,6.184583,292.016444,33.655680,-91.824874
050434903003,794,0.601999,1318.940127,33.620710,-91.797025
050434903004,1149,1.157208,992.907384,33.649445,-91.795981
050434903005,588,0.470437,1249.902956,33.632871,-91.796191
050434904001,1274,43.937063,28.996021,33.579105,-91.737867
050434904002,952,0.617581,1541.497667,33.624874,-91.781327
050434904003,850,0.831431,1022.333501,33.616711,-91.780766
050434905001,864,91.966171,9.394759,33.553092,-91.916482
050434905002,769,97.128656,7.917334,33.459737,-91.846693
050434905003,1756,111.564748,15.739739,33.725161,-91.884670
050434905004,508,7.838678,64.806849,33.621791,-91.939149
050450301011,998,24.271294,41.118533,35.329414,-92.442184
050450301012,2312,31.556594,73.265194,35.320531,-92.362899
050450301021,1558,7.128301,218.565392,35.240129,-92.356726
050450301022,2740,7.790803,351.696723,35.207310,-92.352020
050450301023,1692,14.880307,113.707329,35.170538,-92.353652
050450301031,1621,5.769831,280.944098,35.203140,-92.420990
050450301032,2120,17.010773,124.626905,35.182146,-92.463746
050450301041,2818,25.388276,110.996117,35.273549,-92.423071
050450301042,2758,11.769656,234.331396,35.231300,-92.438478
050450302011,1712,51.361685,33.332240,35.207110,-92.261155
050450302012,1523,42.525857,35.813505,35.298872,-92.283343
050450302021,1397,61.199371,22.827032,35.290874,-92.166363
050450302022,1450,43.235793,33.537028,35.147363,-92.179343
050450303011,1642,9.713008,169.051642,35.085210,-92.282256
050450303012,1231,2.733256,450.378567,35.092215,-92.320037
050450303013,3071,11.954016,256.901114,35.055345,-92.341537
050450303021,1954,19.025669,102.703354,35.089935,-92.147390
050450303022,2180,5.156750,422.746923,35.090773,-92.227146
050450303023,2055,6.323165,324.995476,35.069269,-92.230781
050450303031,1651,42.949380,38.440602,34.969719,-92.281799
050450303032,1249,14.614413,85.463576,35.033190,-92.161129
050450303033,1910,20.374170,93.746150,35.036583,-92.253086
050450304011,2100,6.653276,315.633978,35.128783,-92.433138
050450304012,480,9.771609,49.121898,35.141352,-92.475006
050450304021,1245,10.356781,120.211095,35.137366,-92.331567
050450304022,2891,10.325179,279.995144,35.113503,-92.342057
050450304031,1612,4.054358,397.596858,35.098939,-92.375122
050450304032,2342,2.307041,1015.152966,35.102098,-92.417777
050450304041,1416,1.372943,1031.361111,35.079511,-92.410424
050450304042,1215,3.355638,362.077177,35.070836,-92.399588
050450305021,1302,0.302014,4311.056604,35.107186,-92.449419
050450305022,1586,0.486242,3261.747729,35.114111,-92.457045
050450305023,885,0.642329,1377.798168,35.106754,-92.438865
050450305024,1216,0.265744,4575.824405,35.107772,-92.459983
050450305031,1751,0.519667,3369.466326,35.103700,-92.481659
050450305032,1156,0.166695,6934.838236,35.103260,-92.494301
050450305033,1918,2.964658,646.954807,35.115881,-92.493559
050450305041,2351,0.756591,3107.360295,35.093566,-92.505115
050450305042,1133,0.416719,2718.859155,35.095616,-92.517728
050450305043,1995,0.580345,3437.609586,35.083855,-92.513871
050450305044,1778,4.476006,397.229148,35.103705,-92.532658
050450306001,2348,0.841875,2789.014207,35.096219,-92.484495
050450306002,1691,0.518557,3260.970975,35.100538,-92.466903
050450306003,1297,0.450253,2880.600007,35.097829,-92.458388
050450307011,1821,0.419221,4343.772569,35.097043,-92.448537
050450307012,1720,0.549364,3130.895881,35.095814,-92.435475
050450307021,1866,0.605659,3080.940818,35.087916,-92.429206
050450307022,610,0.316049,1930.078463,35.085153,-92.442526
050450307023,1184,0.319814,3702.149451,35.086896,-92.450038
050450308001,954,0.188708,5055.424136,35.081986,-92.468087
050450308002,835,0.376229,2219.392149,35.086622,-92.458345
050450308003,2000,0.375760,5322.551405,35.075730,-92.458725
050450308004,1039,0.742067,1400.142900,35.089310,-92.475981
050450308005,1421,0.454409,3127.141178,35.074428,-92.469993
050450309001,1650,0.253864,6499.550394,35.075564,-92.451376
050450309002,1383,0.316266,4372.902251,35.074861,-92.444959
050450309003,875,1.771407,493.957635,35.075454,-92.428050
050450310011,1399,0.364044,3842.940561,35.079957,-92.476447
050450310012,1372,0.840524,1632.315204,35.078777,-92.488389
050450310013,1262,1.635206,771.768041,35.077953,-92.509155
050450310031,1370,0.556671,2461.060857,35.066220,-92.473832
050450310032,1071,6.168755,173.616871,35.055917,-92.508627
050450310061,1859,0.701777,2648.989762,35.062517,-92.448537
050450310062,2207,5.463254,403.971725,35.045034,-92.428539
050450310071,1810,0.474757,3812.473552,35.059867,-92.465066
050450310072,1987,0.326149,6092.300524,35.065099,-92.458501
050450310081,1543,9.005317,171.343211,35.030383,-92.468150
050450310082,3230,1.092575,2956.320104,35.052351,-92.470095
050450311011,2172,5.158818,421.026717,35.039191,-92.378441
050450311012,600,3.470309,172.895268,34.943573,-92.409619
050450311013,2008,11.314530,177.470923,34.998567,-92.377030
050450311021,2120,13.966254,151.794456,34.986431,-92.446716
050450311022,1549,9.511771,162.850849,34.924930,-92.441917
050450311023,1231,32.189927,38.241776,34.988994,-92.526448
050479501001,1097,145.478657,7.540625,35.662720,-93.780656
050479501002,1436,134.046542,10.712697,35.625834,-93.951384
050479501003,987,38.308260,25.764679,35.477443,-93.964184
050479502011,3112,71.285311,43.655558,35.475243,-93.752202
050479502021,747,3.165202,236.003882,35.503001,-93.833077
050479502022,1507,5.063211,297.637217,35.493330,-93.867122
050479502023,1316,0.850485,1547.353122,35.489089,-93.834935
050479503011,2239,73.779331,30.347253,35.393725,-93.869250
050479503012,872,69.974449,12.461691,35.389019,-94.012993
050479503013,756,30.667146,24.651789,35.293171,-93.947707
050479503021,1403,13.233289,106.020507,35.278369,-94.003245
050479503022,1625,23.111066,70.312637,35.253889,-94.054197
050495501011,797,102.477231,7.777337,36.430444,-91.680739
050495501012,1331,51.613749,25.787702,36.292030,-91.699926
050495501013,1210,37.784770,32.023484,36.325097,-91.600215
050495501021,1122,64.804170,17.313701,36.412740,-91.507333
050495501022,670,2.356247,284.350435,36.491139,-91.564250
050495501023,614,6.897502,89.017730,36.477049,-91.550330
050495502011,910,72.191771,12.605315,36.299906,-91.914766
050495502012,1115,28.816455,38.693170,36.341782,-91.796707
050495502013,1354,20.993736,64.495429,36.374410,-91.872657
050495502021,1153,84.512961,13.642878,36.443511,-91.901157
050495502022,887,71.904730,12.335767,36.329087,-92.075024
050495502023,912,73.682535,12.377424,36.447372,-92.067421
050510103011,1462,15.588071,93.789669,34.595028,-93.181800
050510103012,827,2.340525,353.339466,34.518904,-93.171319
050510103013,1874,4.199654,446.227234,34.539317,-93.166729
050510103021,1126,11.223208,100.327825,34.531860,-93.212797
050510103022,749,41.150619,18.201427,34.558438,-93.313950
050510104011,2238,16.030842,139.605896,34.615755,-92.988962
050510104012,1665,7.089177,234.865077,34.621440,-92.915548
050510104021,1559,23.176367,67.266798,34.601450,-93.091588
050510104022,810,10.647974,76.070810,34.546743,-93.125925
050510104023,1393,17.579672,79.239248,34.572187,-93.036326
050510105011,1980,3.040654,651.175760,34.455230,-92.943763
050510105012,1449,32.416296,44.699740,34.510724,-92.887203
050510105013,870,2.738531,317.688514,34.433406,-92.955336
050510105021,950,4.693078,202.425772,34.517533,-92.981698
050510105022,1246,41.028223,30.369339,34.576913,-92.897696
050510106011,1537,7.844381,195.936424,34.537263,-93.004220
050510106021,1003,0.820465,1222.477264,34.508434,-93.030802
050510106022,689,0.154324,4464.636482,34.512706,-93.042930
050510106023,561,0.367554,1526.305521,34.506730,-93.042744
050510107001,430,2.234610,192.427292,34.542553,-93.041909
050510107002,537,0.242897,2210.814839,34.529892,-93.054061
050510107003,585,1.352376,432.571977,34.523117,-93.043646
050510108001,1010,3.670806,275.143930,34.521081,-93.080479
050510108002,649,0.989467,655.908626,34.510646,-93.067451
050510108003,589,0.209750,2808.099749,34.504231,-93.063518
050510109001,848,3.026236,280.216129,34.505191,-93.094319
050510109002,963,1.896718,507.719130,34.487800,-93.112270
050510109003,947,0.236074,4011.459633,34.496214,-93.080807
050510109004,598,0.135695,4406.934975,34.499773,-93.075652
050510110011,2168,3.663972,591.707636,34.502914,-93.144427
050510110012,1560,0.836871,1864.086528,34.484540,-93.141253
050510110021,1887,2.542652,742.138461,34.513854,-93.129402
050510111011,600,7.750955,77.409817,34.400822,-93.148932
050510111012,2117,41.307521,51.249747,34.428097,-93.312185
050510111013,2115,11.716983,180.507222,34.420302,-93.207586
050510111021,1465,15.197584,96.396901,34.476578,-93.246552
050510111022,1277,4.276860,298.583555,34.462741,-93.202663
050510111023,1389,33.359584,41.637210,34.489334,-93.334332
050510112011,2108,1.331661,1582.985991,34.449739,-93.125675
050510112012,528,0.418928,1260.359240,34.436650,-93.135734
050510112013,697,0.846329,823.556439,34.428824,-93.156748
050510112014,1911,3.286614,581.449560,34.444587,-93.160596
050510112021,2247,3.714128,604.987250,34.460817,-93.167856
050510112022,1644,0.941899,1745.410222,34.464668,-93.129400
050510113001,951,0.286678,3317.308975,34.486476,-93.061938
050510113002,1024,0.274456,3731.010573,34.485132,-93.068132
050510113003,1447,2.518237,574.608337,34.477869,-93.096047
050510113004,1304,0.800980,1628.005439,34.474727,-93.072737
050510114001,839,0.247612,3388.371671,34.498615,-93.059597
050510114002,1088,0.317263,3429.333161,34.496389,-93.066776
050510114003,1446,0.390538,3702.587483,34.491831,-93.078095
050510115001,726,0.703884,1031.420624,34.499766,-93.034360
050510115002,638,0.280072,2277.982992,34.507110,-93.052423
050510115003,771,0.274131,2812.520099,34.497346,-93.053381
050510116011,974,0.985384,988.447470,34.495797,-93.024281
050510116012,2477,4.669327,530.483319,34.490379,-92.996318
050510116013,1752,1.503873,1164.992346,34.483330,-93.034750
050510116014,1039,0.946972,1097.181878,34.475224,-93.010217
050510116021,1246,4.485185,277.803452,34.451851,-92.989802
050510116022,1379,1.507560,914.723006,34.451604,-93.036830
050510116023,1098,0.897823,1222.958145,34.469083,-93.034301
050510116024,1455,1.471171,989.008179,34.465763,-93.004335
050510117011,638,0.430672,1481.406280,34.441570,-93.064985
050510117012,897,0.992727,903.572073,34.458430,-93.051668
050510117013,785,0.332797,2358.796049,34.448110,-93.075141
050510117014,996,0.665565,1496.472432,34.470250,-93.052591
050510117021,1206,0.810750,1487.511465,34.484031,-93.052800
050510118011,906,1.010600,896.496783,34.460755,-93.068948
050510118012,1108,1.065592,1039.797826,34.463844,-93.084345
050510118021,621,0.539167,1151.776821,34.445945,-93.096643
050510118022,862,0.623356,1382.837097,34.453318,-93.087321
050510118023,782,0.647847,1207.075147,34.461874,-93.109892
050510119011,1708,4.920118,347.146176,34.424494,-93.132748
050510119012,597,0.898835,664.193369,34.426156,-93.099095
050510119013,1233,0.946692,1302.429417,34.423896,-93.079986
050510119021,1294,5.525248,234.197626,34.418162,-93.050427
050510119022,1270,16.432572,77.285530,34.405894,-93.004452
050510120011,1884,2.351083,801.332966,34.679847,-93.019890
050510120012,1485,33.426587,44.425714,34.726413,-93.019324
050510120013,705,79.032617,8.920368,34.635783,-93.262467
050510120014,878,104.956796,8.365347,34.727112,-93.219219
050510120021,1697,8.082340,209.963951,34.641692,-93.022470
050510120022,2117,4.073530,519.696640,34.671507,-93.012165
050534701001,1152,95.027881,12.122758,34.140940,-92.310368
050534701002,2203,79.027138,27.876500,34.436136,-92.280921
050534701003,1680,75.565610,22.232336,34.299549,-92.288753
050534702001,1587,63.642071,24.936335,34.385357,-92.400671
050534702002,1643,64.918013,25.308846,34.199298,-92.434104
050534703001,1699,134.930248,12.591691,34.232493,-92.572964
050534703002,794,58.427737,13.589436,34.387803,-92.520437
050534703003,1281,42.347271,30.249883,34.370313,-92.614498
050534704011,1844,4.910173,375.546870,34.326472,-92.435794
050534704012,1741,10.879724,160.022435,34.270412,-92.389922
050534704021,2334,2.208734,1056.713899,34.302473,-92.416378
050554801001,1128,55.615288,20.282193,36.219421,-90.349821
050554801002,1274,5.792557,219.937409,36.189829,-90.388802
050554801003,527,71.837489,7.336003,36.133962,-90.335829
050554802001,1762,33.753766,52.201583,36.212782,-90.496264
050554802002,1429,9.828870,145.388028,36.116245,-90.536231
050554802003,1424,14.421269,98.743045,36.121979,-90.483062
050554803001,1516,70.790203,21.415393,36.117618,-90.687171
050554803002,1661,122.818483,13.524023,36.204247,-90.653432
050554804011,2227,3.136562,710.013090,36.069166,-90.550143
050554804012,2279,3.616688,630.134526,36.075449,-90.515920
050554804021,863,0.152431,5661.570535,36.062385,-90.490906
050554804022,2220,0.838183,2648.587513,36.057505,-90.499625
050554805011,1578,1.819546,867.249212,36.088378,-90.491991
050554805012,1609,3.077886,522.761477,36.078446,-90.473479
050554805013,493,0.242591,2032.226453,36.062812,-90.481960
050554805021,581,0.220711,2632.405635,36.055767,-90.483104
050554805022,1291,0.375597,3437.193820,36.055136,-90.469917
050554805023,1670,1.793517,931.131344,36.060927,-90.457022
050554806011,936,60.123204,15.568033,36.016507,-90.767943
050554806012,1236,15.500625,79.738721,35.987777,-90.666040
050554806013,1059,13.386138,79.111691,36.037931,-90.646610
050554806021,2294,46.274342,49.573909,36.001327,-90.450610
050554806022,2234,23.435921,95.323757,36.015749,-90.586833
050554807001,994,1.810280,549.086291,36.034030,-90.492677
050554807002,1098,6.226561,176.341333,36.034841,-90.462500
050554808011,1944,1.535198,1266.286353,36.053250,-90.533682
050554808012,1527,1.399913,1090.782078,36.043034,-90.547576
050554808013,1742,1.367390,1273.960183,36.057782,-90.559769
050554808021,1750,0.523712,3341.533325,36.046435,-90.501103
050554808022,1165,3.306755,352.309101,36.028047,-90.533532
050554808023,2225,2.318542,959.654692,36.025590,-90.513418
050574801011,1295,84.203884,15.379338,33.830488,-93.533910
050574801012,757,25.911946,29.214325,33.708187,-93.522655
050574801021,1496,128.212385,11.668140,33.849827,-93.671813
050574801022,1289,78.905498,16.335997,33.952608,-93.647733
050574802001,825,99.796716,8.266805,33.762549,-93.785187
050574802002,437,41.342229,10.570306,33.683273,-93.912779
050574802003,894,54.052309,16.539534,33.700254,-93.719547
050574803011,916,1.483204,617.581893,33.674557,-93.578370
050574803012,672,1.196871,561.464137,33.687149,-93.587775
050574803013,533,0.279736,1905.370322,33.664530,-93.587576
050574803021,781,0.351837,2219.779484,33.655370,-93.586872
050574803022,928,1.110817,835.421375,33.649470,-93.567486
050574803023,1355,10.461046,129.528160,33.661022,-93.512064
050574804001,729,63.203115,11.534242,33.574839,-93.709870
050574804002,1094,42.081100,25.997419,33.577792,-93.510146
050574804003,891,45.399504,19.625765,33.536024,-93.562938
050574804004,1016,43.149239,23.546186,33.550802,-93.661661
050574805001,1337,2.337564,571.963041,33.673894,-93.607612
050574805002,870,1.145194,759.696570,33.659554,-93.614414
050574805003,1950,2.575496,757.135715,33.644974,-93.602668
050590201011,2355,39.371576,59.814724,34.474653,-92.812547
050590201012,1716,13.753040,124.772418,34.433367,-92.860739
050590201021,1839,24.431155,75.272742,34.435596,-92.736700
050590201022,1572,24.239577,64.852616,34.383061,-92.723357
050590202001,421,1.284279,327.810424,34.375173,-92.795578
050590202002,947,0.764812,1238.212781,34.378999,-92.810393
050590202003,844,2.282883,369.708004,34.388420,-92.824233
050590202004,691,1.825142,378.600685,34.367888,-92.830363
050590203001,1001,0.418602,2391.295576,34.358212,-92.815369
050590203002,913,3.137550,290.991386,34.340286,-92.816210
050590204001,1453,0.805728,1803.338048,34.364290,-92.800017
050590204002,1323,0.441282,2998.080585,34.359304,-92.792730
050590204003,623,0.232374,2681.022376,34.355014,-92.802116
050590204004,991,4.368892,226.830954,34.335285,-92.786232
050590204005,960,7.515844,127.730163,34.344137,-92.739664
050590205001,976,68.897111,14.166051,34.247385,-92.725448
050590205002,3649,44.372783,82.235095,34.287932,-92.839863
050590205003,1076,97.293674,11.059301,34.210530,-92.885033
050590206001,1025,29.586139,34.644602,34.401385,-92.906303
050590206002,1183,46.004928,25.714636,34.339039,-92.976706
050590206003,1369,42.002894,32.592992,34.260726,-93.002365
050590207011,1632,57.112724,28.575069,34.344454,-93.322782
050590207012,754,29.315995,25.719748,34.353498,-93.209246
050590207021,1289,16.356034,78.808835,34.279848,-93.191817
050590207022,1302,16.721050,77.865923,34.293171,-93.130807
050590207023,1136,42.407804,26.787522,34.333133,-93.092036
050619501001,896,110.489835,8.109343,34.099004,-93.900010
050619501002,948,217.907641,4.350467,34.267767,-94.081543
050619501003,902,5.079603,177.572924,34.122308,-94.017909
050619501004,976,81.694629,11.946930,34.040392,-94.022950
050619502001,876,53.557656,16.356205,33.924460,-93.980686
050619502002,1851,31.393889,58.960520,33.939986,-93.875811
050619502003,1133,5.302237,213.683376,33.878808,-93.918261
050619502004,879,73.925477,11.890353,33.817488,-93.904989
050619503001,1315,3.313028,396.917825,33.951834,-93.834394
050619503002,917,1.271932,720.950219,33.957419,-93.861475
050619503003,1395,2.405133,580.009400,33.939933,-93.861838
050619503004,697,0.985412,707.318184,33.925733,-93.849762
050634901011,1420,53.015303,26.784719,35.793580,-91.793470
050634901012,1267,65.705913,19.282892,35.885383,-91.734468
050634901021,1467,57.661347,25.441653,35.849956,-91.448587
050634901022,880,22.170186,39.692946,35.910390,-91.511964
050634901023,1231,37.660413,32.686842,35.882944,-91.603471
050634902001,806,14.422081,55.886525,35.817634,-91.659050
050634902002,1143,1.018173,1122.599419,35.783441,-91.651594
050634902003,670,0.478556,1400.045531,35.774694,-91.646382
050634903001,1800,12.361638,145.611773,35.808590,-91.568152
050634903002,1074,0.534345,2009.937686,35.779009,-91.634253
050634903003,749,0.249472,3002.338685,35.771346,-91.632418
050634903004,1999,1.521110,1314.172159,35.772945,-91.609741
050634903005,716,8.839327,81.001638,35.781267,-91.568271
050634904001,1416,30.954576,45.744449,35.707594,-91.486322
050634904002,1181,28.611825,41.276640,35.673804,-91.390706
050634904003,805,79.639640,10.108032,35.808521,-91.327603
050634904004,1143,29.226569,39.108251,35.793736,-91.458499
050634905001,1919,4.385830,437.545480,35.752761,-91.607113
050634905002,1155,10.298204,112.155474,35.737499,-91.559942
050634906001,1831,6.148856,297.778986,35.793268,-91.692196
050634906002,1078,3.440791,313.300044,35.767827,-91.674469
050634907011,1324,46.259228,28.621316,35.694592,-91.736706
050634907012,2307,12.009430,192.099048,35.748926,-91.680933
050634907021,905,11.699863,77.351333,35.702606,-91.590422
050634907022,824,2.896896,284.442428,35.733623,-91.629503
050634907023,1900,7.697859,246.821880,35.691704,-91.637080
050634908001,639,47.725178,13.389159,35.576531,-91.433721
050634908002,1995,91.014434,21.919600,35.619873,-91.570355
050634908003,813,38.270485,21.243525,35.601037,-91.744389
050634908004,1481,37.793988,39.186126,35.563650,-91.650740
050659601001,1416,11.938803,118.604858,36.226064,-91.724486
050659601002,1026,5.824803,176.143302,36.222724,-91.770801
050659601003,859,70.786357,12.135107,36.158486,-91.745241
050659602001,1434,89.414632,16.037644,36.110944,-91.934160
050659602002,1873,24.759958,75.646330,36.045967,-91.875694
050659602003,1476,90.167242,16.369581,36.189492,-91.946820
050659603001,2261,29.410223,76.878031,36.117644,-92.126611
050659603002,819,54.467909,15.036377,36.200535,-92.106787
050659604001,1544,92.826132,16.633247,35.988788,-91.782553
050659604002,869,110.581243,7.858476,35.985907,-91.967316
050674801001,635,160.090781,3.966499,35.778612,-91.170767
050674801002,1153,5.906369,195.212991,35.724353,-91.219700
050674801003,589,3.489579,168.788290,35.731064,-91.191844
050674801004,798,4.138460,192.825336,35.818175,-91.128169
050674802001,788,11.524186,68.377931,35.648530,-91.293098
050674802002,739,9.783993,75.531536,35.576602,-91.281810
050674802003,725,0.631889,1147.352709,35.614766,-91.269600
050674802004,419,0.350299,1196.122669,35.603704,-91.280450
050674802005,758,0.307709,2463.365285,35.602319,-91.265333
050674803001,980,5.692520,172.155743,35.654134,-91.248268
050674803002,616,2.910788,211.626551,35.626985,-91.232860
050674803003,1264,6.043398,209.153856,35.589087,-91.243190
050674803004,1199,0.896210,1337.856800,35.615184,-91.256768
050674804011,993,138.969236,7.145466,35.496378,-91.223041
050674804012,482,92.746722,5.196949,35.465397,-91.082960
050674804021,2941,84.074940,34.980697,35.658374,-91.121073
050674805001,1676,106.053744,15.803308,35.505165,-91.429983
050690001021,1645,10.839293,151.762666,34.447098,-91.892683
050690003011,1027,15.455936,66.446962,34.304664,-92.174167
050690003012,726,19.824491,36.621370,34.258985,-92.173816
050690003013,1386,5.093963,272.086794,34.245660,-92.103190
050690003021,1653,3.519805,469.628294,34.289773,-92.094913
050690003022,961,1.566982,613.280929,34.276268,-92.106454
050690003023,1401,0.865307,1619.079155,34.263167,-92.092428
050690003024,713,1.848754,385.665146,34.298390,-92.114740
050690003025,1199,5.638148,212.658487,34.325268,-92.132113
050690003031,639,1.720608,371.380454,34.260567,-92.065912
050690003032,839,0.436253,1923.194383,34.241365,-92.066388
050690003033,2006,1.691073,1186.229089,34.249569,-92.086072
050690005021,529,1.167485,453.110637,34.236418,-92.031365
050690005022,627,0.457108,1371.666261,34.240729,-92.026768
050690005023,1750,8.105260,215.909165,34.285168,-92.019480
050690009001,1022,0.693069,1474.601039,34.215623,-91.971862
050690009002,842,0.254050,3314.305585,34.216530,-91.984399
050690009003,461,0.124456,3704.126770,34.221135,-91.985414
050690009004,449,0.138245,3247.856216,34.224053,-91.983459
050690010001,826,0.660266,1251.010290,34.221556,-92.001998
050690010002,463,0.511125,905.845410,34.221258,-91.993336
050690012001,293,0.296154,989.349283,34.226705,-92.014745
050690012002,333,0.355134,937.675084,34.221663,-92.012115
050690012003,526,0.255024,2062.551375,34.215205,-92.014122
050690012004,516,0.241065,2140.503183,34.217046,-92.023395
050690013001,502,0.273280,1836.943666,34.213684,-92.040074
050690013002,458,0.938753,487.881085,34.224747,-92.033006
050690013003,373,0.257293,1449.708675,34.215640,-92.032223
050690014011,1041,0.448887,2319.071145,34.235370,-92.051742
050690014012,375,1.019588,367.795452,34.247161,-92.054286
050690014021,682,1.015354,671.686865,34.225041,-92.053425
050690014022,342,0.221929,1541.034657,34.220091,-92.046586
050690014023,1093,0.790485,1382.695941,34.210595,-92.053478
050690015011,2218,1.284264,1727.059489,34.196455,-92.049313
050690015012,1176,0.419518,2803.218656,34.205646,-92.041353
050690015021,592,0.387542,1527.578150,34.206500,-92.029461
050690015022,656,0.384677,1705.326561,34.197137,-92.032123
050690015023,788,0.188176,4187.574262,34.192625,-92.026698
050690015024,1253,0.615067,2037.176715,34.185264,-92.031072
050690016001,613,0.183492,3340.752821,34.210118,-92.011316
050690016002,649,0.208923,3106.408117,34.204206,-92.011482
050690016003,618,0.170584,3622.844728,34.210534,-92.020368
050690016004,724,0.247376,2926.722947,34.204898,-92.019898
050690017001,513,0.254762,2013.645788,34.210962,-91.998163
050690017002,449,0.250669,1791.203226,34.205437,-91.993819
050690017003,424,0.294852,1438.011789,34.198108,-91.994512
050690017004,730,0.468814,1557.120332,34.202303,-92.002955
050690018001,1085,0.316086,3432.614229,34.197231,-92.011877
050690018002,717,0.222194,3226.914405,34.197412,-92.020285
050690018003,1294,1.248032,1036.832402,34.184583,-92.015937
050690019011,1354,46.011170,29.427637,34.125325,-91.938721
050690019031,577,0.292763,1970.876659,34.188526,-92.003897
050690019032,1509,4.201289,359.175500,34.182452,-91.982424
050690020001,2440,37.756129,64.625269,34.102449,-92.043896
050690020002,3133,6.690204,468.296627,34.156887,-92.012586
050690021031,964,31.570864,30.534482,34.198141,-92.178060
050690021032,1564,5.440686,287.463731,34.198212,-92.100223
050690021033,2616,3.038460,860.962601,34.217463,-92.079655
050690021041,848,42.544247,19.932190,34.103433,-92.171326
050690021042,2934,15.815264,185.516982,34.169784,-92.098549
050690023001,524,90.634829,5.781442,34.409131,-92.026691
050690023002,347,67.234983,5.161004,34.370487,-91.907684
050690023003,958,95.394231,10.042536,34.412732,-91.801286
050690023004,398,162.025630,2.456401,34.207031,-91.672851
050690024001,1391,11.958492,116.319018,34.479708,-92.171733
050690024002,2572,64.790596,39.697119,34.379045,-92.130054
050690025001,934,93.097310,10.032513,34.177011,-91.855420
050719517001,1562,203.131617,7.689596,35.606076,-93.316545
050719517002,763,159.769850,4.775619,35.663851,-93.581411
050719517003,2374,63.466769,37.405402,35.571488,-93.491037
050719518001,1455,42.721031,34.058167,35.511302,-93.622643
050719518002,1136,20.865693,54.443434,35.447969,-93.686807
050719518003,1765,39.311203,44.898143,35.442856,-93.610377
050719519001,848,4.544390,186.603704,35.498594,-93.463231
050719519002,1677,8.775142,191.108014,35.491703,-93.518395
050719519003,818,0.357665,2287.059033,35.477712,-93.469910
050719520001,1671,13.527558,123.525622,35.431211,-93.511356
050719520002,765,0.280834,2724.028097,35.468955,-93.468917
050719520003,1851,4.041065,458.047539,35.453918,-93.481558
050719521001,1006,0.622275,1616.647436,35.466985,-93.460831
050719521002,2569,15.736267,163.253455,35.458838,-93.430265
050719522001,2069,12.486277,165.701919,35.444285,-93.386700
050719522002,1205,13.512647,89.175718,35.361650,-93.377876
050719522003,2215,57.845189,38.291862,35.456191,-93.311344
050734701011,631,1.652793,381.778016,33.377425,-93.488455
050734701012,600,8.596493,69.795906,33.352176,-93.521373
050734701013,450,7.876256,57.133746,33.362166,-93.465334
050734701021,1258,66.215589,18.998547,33.418812,-93.657777
050734701022,715,74.172846,9.639646,33.422725,-93.502345
050734702001,533,74.836422,7.122201,33.087017,-93.593395
050734702002,900,109.087480,8.250259,33.100441,-93.740031
050734702003,528,149.861380,3.523256,33.274406,-93.585257
050734702004,693,37.173208,18.642459,33.146725,-93.521668
050754701001,804,33.961247,23.674043,36.100084,-91.019748
050754701002,780,75.290505,10.359872,36.087792,-90.870412
050754702001,1129,80.353664,14.050386,36.090384,-91.243655
050754702002,1305,33.242976,39.256413,36.184659,-91.198192
050754702003,676,35.468176,19.059339,36.190591,-91.303048
050754702004,1029,20.801340,49.467966,36.123820,-91.106728
050754703001,877,67.425917,13.006868,36.003222,-91.232157
050754703002,1006,43.148995,23.314564,35.945568,-91.309589
050754704001,1360,176.798199,7.692386,35.961776,-91.023623
050754705011,943,2.163968,435.773495,36.053103,-90.951518
050754705012,859,7.446189,115.361025,36.020116,-90.980760
050754705013,869,3.505618,247.887817,36.038855,-90.994892
050754705021,733,2.147618,341.308437,36.088316,-90.947691
050754705022,835,1.272229,656.328179,36.081847,-90.965047
050754705023,1454,1.789725,812.415398,36.067639,-90.976478
050754705024,878,0.919305,955.069327,36.063137,-90.943826
050754705025,679,1.792260,378.851209,36.076124,-90.934062
050774701001,1953,193.025976,10.117809,34.817516,-90.628389
050774701002,443,89.784527,4.934035,34.684585,-90.632776
050774702001,562,53.243775,10.555224,34.853340,-90.856665
050774702002,820,104.363502,7.857153,34.843303,-91.020613
050774703001,815,2.493668,326.827813,34.748396,-90.744949
050774703002,462,1.991306,232.008535,34.749759,-90.759679
050774703003,1084,4.459711,243.065087,34.789995,-90.769471
050774703004,1337,5.044482,265.042068,34.761824,-90.781471
050774704001,358,83.981502,4.262844,34.711664,-90.998597
050774704002,766,61.418719,12.471768,34.708586,-90.834272
050799603001,657,70.034683,9.381066,34.006634,-91.767627
050799603002,445,80.630454,5.519007,33.894066,-91.617829
050799603003,1480,100.709545,14.695727,33.855728,-91.736786
050799604001,1809,71.719428,25.223291,34.023823,-91.905729
050799604002,1402,79.546408,17.624932,33.872673,-91.918340
050799605001,1091,6.960700,156.737112,33.938897,-91.817754
050799605002,1149,3.863836,297.372849,33.931260,-91.856073
050799606001,375,36.873341,10.169949,34.108408,-91.685228
050799606002,3714,32.909159,112.856119,34.061753,-91.597938
050799606003,819,76.214019,10.746055,34.019999,-91.566658
050810301011,664,2.037866,325.830961,33.683423,-94.148383
050810301012,533,3.508346,151.923432,33.653093,-94.130404
050810301013,784,50.760621,15.445043,33.632745,-94.151878
050810301031,826,8.837718,93.463043,33.706368,-94.105082
050810301032,900,21.945348,41.010970,33.685626,-93.993726
050810301033,355,53.449868,6.641738,33.610661,-93.983355
050810301041,1496,19.798111,75.562766,33.653226,-94.056470
050810301042,1267,4.118932,307.604036,33.685437,-94.097982
050810302001,1060,23.583313,44.947035,33.743334,-94.411080
050810302002,762,25.390675,30.011018,33.681788,-94.407335
050810302003,656,106.403895,6.165188,33.617168,-94.344785
050810303011,1077,94.895698,11.349303,33.845423,-94.401492
050810303021,849,26.787142,31.694311,33.740376,-94.071353
050810303022,797,89.737060,8.881503,33.741986,-94.246674
050839501001,1632,79.248201,20.593527,35.293739,-93.372968
050839501002,1678,55.478469,30.245968,35.349262,-93.520989
050839501003,632,93.705330,6.744547,35.248317,-93.549121
050839502001,1182,54.666102,21.622175,35.346943,-93.717083
050839502002,993,20.298362,48.920204,35.285503,-93.874939
050839502003,1456,68.565488,21.235173,35.244131,-93.721784
050839503001,1343,3.547165,378.612264,35.301009,-93.708082
050839503002,651,5.429876,119.892243,35.304516,-93.765683
050839503003,1587,5.381993,294.872197,35.283176,-93.700385
050839504001,1291,55.926389,23.083915,35.170122,-93.730279
050839504002,1890,67.006544,28.206200,35.192386,-93.916547
050839505001,1368,3.738183,365.953212,35.154453,-93.890646
050839505002,1255,1.245088,1007.960607,35.143576,-93.933935
050839505003,676,1.156568,584.487776,35.129500,-93.927014
050839505004,652,2.682300,243.075012,35.129864,-93.913256
050839506001,1016,80.146952,12.676714,35.087083,-93.795795
050839506002,1829,110.893000,16.493376,35.092938,-94.008311
050850201021,3434,4.719482,727.622302,35.016779,-91.960880
050850201022,3145,15.630748,201.205984,35.002759,-91.914078
050850201031,4569,5.260309,868.580075,34.960874,-91.974881
050850201032,2945,16.899750,174.262931,34.963415,-91.924008
050850201051,3891,7.170432,542.645118,35.017920,-92.029183
050850201052,2330,7.677383,303.488827,35.037291,-92.010530
050850201061,2226,20.164795,110.390411,35.053244,-92.067534
050850201071,2638,53.754931,49.074567,34.942028,-91.815408
050850201081,2488,8.963084,277.583016,34.907930,-91.966785
050850201082,2613,12.834355,203.594181,34.918682,-91.916044
050850202011,1340,3.534432,379.127390,35.004440,-92.036262
050850202012,2489,2.838892,876.750450,34.989886,-92.058978
050850202021,1934,0.885896,2183.100601,34.981783,-92.017419
050850202022,1024,1.052357,973.054220,34.975581,-92.001711
050850202023,745,1.307935,569.600188,34.993772,-91.993884
050850202041,2176,0.957354,2272.930955,34.954780,-92.035376
050850202042,2169,1.330967,1629.642541,34.969191,-92.033032
050850202043,1782,7.330349,243.098940,34.949665,-92.059768
050850202051,1717,0.842709,2037.476094,34.960131,-92.004702
050850202052,1672,0.497819,3358.651191,34.966418,-92.014020
050850202053,1451,0.958422,1513.946630,34.960259,-91.991362
050850202061,3044,1.669322,1823.495286,34.945537,-92.005624
050850202062,1875,6.452127,290.601847,34.927304,-92.031102
050850203011,962,3.924180,245.146770,34.851091,-92.045615
050850203012,1475,12.925517,114.115359,34.820203,-91.999400
050850203013,1288,4.492126,286.723899,34.829643,-92.045768
050850203021,2158,19.059174,113.226315,34.891543,-92.028288
050850203022,1675,50.161509,33.392137,34.834931,-91.903602
050850204001,676,44.095914,15.330218,34.841058,-91.767004
050850204002,1119,4.148755,269.719498,34.790914,-91.712660
050850204003,1058,93.844255,11.273999,34.673052,-91.737017
050850205001,1878,7.567214,248.175897,34.796598,-91.868132
050850205002,831,21.181685,39.232006,34.740351,-91.852987
050850205003,1857,13.215712,140.514559,34.774089,-91.931774
050850206001,591,71.855250,8.224869,34.734548,-91.989960
050850206002,1075,75.695421,14.201652,34.641029,-91.987892
050850207001,916,6.783239,135.038736,34.561899,-91.950989
050850207002,929,11.590611,80.151083,34.515753,-91.947660
050850207003,788,17.953596,43.890928,34.517892,-92.004920
050850208001,526,84.449732,6.228557,34.564726,-91.843798
050850208002,516,45.770718,11.273583,34.531448,-91.731855
050879601001,1175,61.361040,19.148958,36.182114,-93.639222
050879601002,1421,86.462157,16.434936,36.255403,-93.770360
050879601003,1484,40.923320,36.262943,36.158809,-93.842194
050879602001,2147,14.105941,152.205374,36.114109,-93.746158
050879602002,1123,7.850168,143.054262,36.077327,-93.712086
050879602003,882,11.402508,77.351404,36.046339,-93.748345
050879603001,1786,54.905413,32.528669,36.081813,-93.879127
050879603002,1114,69.535795,16.020526,35.981401,-93.748577
050879603003,1236,85.496650,14.456707,35.938652,-93.869265
050879603004,838,73.511334,11.399603,35.803214,-93.866872
050879604001,1549,91.057518,17.011226,36.076718,-93.582133
050879604002,971,99.331480,9.775350,35.966586,-93.592611
050879604003,795,138.284383,5.749022,35.832169,-93.629625
050899601001,970,77.677011,12.487607,36.133294,-92.823372
050899601002,1437,129.689259,11.080332,36.149817,-92.534104
050899601003,985,43.500941,22.643189,36.132099,-92.679259
050899601004,974,35.631254,27.335552,36.205288,-92.738107
050899602011,1427,80.707862,17.681053,36.295594,-92.791640
050899602012,1124,5.421515,207.322129,36.234741,-92.680426
050899602013,748,8.958392,83.497127,36.289446,-92.678343
050899602021,1954,17.010179,114.872393,36.252325,-92.544473
050899602022,924,14.017781,65.916282,36.306264,-92.576720
050899602023,1136,20.104552,56.504617,36.293914,-92.639179
050899603011,793,39.163870,20.248254,36.449087,-92.813027
050899603012,590,33.152286,17.796661,36.352379,-92.670561
050899603013,645,50.181190,12.853422,36.421642,-92.737049
050899603021,842,31.908551,26.387911,36.430373,-92.597275
050899603022,863,1.676836,514.659788,36.380778,-92.569026
050899603023,781,6.181070,126.353518,36.351262,-92.606086
050899603024,633,1.670902,378.837239,36.387017,-92.594610
050910201001,1539,0.683425,2251.892561,33.464524,-94.035980
050910201002,1116,0.305672,3650.971572,33.455620,-94.036174
050910201003,582,0.248148,2345.375883,33.450567,-94.036547
050910201004,627,0.147891,4239.619213,33.446982,-94.035744
050910202001,837,0.191295,4375.430259,33.441878,-94.032815
050910202002,798,0.203347,3924.321273,33.434746,-94.033316
050910202003,422,0.213426,1977.261841,33.433923,-94.040115
050910202004,683,0.204319,3342.810590,33.441997,-94.039600
050910204001,1359,0.895294,1517.936349,33.421501,-94.036468
050910204002,687,0.354706,1936.815958,33.409160,-94.036927
050910204003,725,1.152314,629.168904,33.396831,-94.034891
050910205001,649,0.248285,2613.932375,33.412703,-94.025907
050910205002,1901,2.044467,929.826561,33.410775,-94.016250
050910206001,368,0.274514,1340.550930,33.426113,-94.027117
050910206002,1068,0.437683,2440.119533,33.425207,-94.009598
050910206003,664,0.388062,1711.065028,33.424731,-94.018327
050910207011,1725,0.844148,2043.479857,33.468893,-94.017615
050910207012,1809,0.637127,2839.307222,33.460152,-94.018285
050910207021,1670,1.614560,1034.337331,33.439476,-94.016797
050910207022,1972,0.661113,2982.846547,33.450445,-94.021628
050910208011,2204,2.371951,929.193022,33.478128,-94.026678
050910208012,772,3.858779,200.063259,33.473986,-93.991086
050910208021,1223,5.770713,211.932232,33.413606,-93.990130
050910208022,640,3.680602,173.884606,33.369821,-94.025177
050910208023,483,3.317779,145.579303,33.387398,-94.010643
050910209011,1560,202.573362,7.700914,33.471578,-93.814195
050910209012,991,6.547781,151.348983,33.490468,-93.964280
050910209021,1288,11.600328,111.031342,33.450225,-93.947235
050910209022,1975,13.214910,149.452394,33.409986,-93.923719
050910209023,2306,20.371297,113.198485,33.366341,-93.932196
050910210011,1048,8.891149,117.870036,33.348290,-94.002434
050910210012,823,40.394180,20.374222,33.257495,-93.954288
050910210013,647,70.210817,9.215104,33.165920,-93.977245
050910210014,720,73.060260,9.854879,33.059874,-93.941671
050910210021,1479,41.234183,35.868299,33.316502,-93.850786
050910210022,1123,16.584150,67.715257,33.298610,-93.954538
050910210023,1233,8.284330,148.835205,33.256730,-93.890642
050910210024,852,78.621984,10.836664,33.215869,-93.816097
050919800001,32,1.702057,18.800782,33.451574,-93.991027
050930101001,266,0.193846,1372.220128,35.918189,-89.902079
050930101002,172,0.603328,285.085274,35.921248,-89.911559
050930101003,824,0.587793,1401.853024,35.929357,-89.907207
050930102001,861,13.288461,64.793058,35.977094,-89.866425
050930102002,2479,1.501668,1650.831055,35.935932,-89.887245
050930102003,798,0.188836,4225.880446,35.924586,-89.887437
050930102004,711,0.181407,3919.363417,35.923885,-89.895093
050930102005,365,0.156154,2337.441920,35.917507,-89.895467
050930103001,567,0.317708,1784.657486,35.921562,-89.932947
050930103002,1122,5.383427,208.417425,35.896632,-89.923102
050930103003,762,0.517101,1473.600421,35.922976,-89.923878
050930106011,853,0.895481,952.560339,35.935605,-89.927289
050930106012,799,0.750964,1063.965143,35.948206,-89.916965
050930106013,1016,0.766398,1325.681761,35.947545,-89.905606
050930106014,906,0.283947,3190.737835,35.939728,-89.914289
050930106015,722,0.150350,4802.137152,35.934166,-89.902168
050930106021,1710,14.744915,115.972186,35.982343,-89.950382
050930107001,785,47.842801,16.407902,35.913466,-90.025316
050930107002,812,47.884607,16.957433,35.832063,-89.985898
050930107003,505,81.925046,6.164171,35.830385,-89.829364
050930107004,1550,60.464271,25.634974,35.932216,-89.770733
050930108011,749,67.463183,11.102352,35.949098,-90.143014
050930108012,1202,12.619078,95.252601,35.910990,-90.220338
050930108013,688,55.926498,12.301861,35.833378,-90.222037
050930108014,617,13.952103,44.222723,35.946182,-90.271270
050930108021,1404,2.191024,640.796392,35.869246,-90.165814
050930108022,1428,3.627297,393.681622,35.887341,-90.156705
050930108023,871,2.511449,346.811690,35.884038,-90.186286
050930109001,666,84.652710,7.867439,35.691276,-90.218691
050930109002,636,3.749645,169.616074,35.752395,-89.933629
050930109003,927,80.722691,11.483760,35.766306,-90.081992
050930110001,1112,3.711761,299.588281,35.735167,-89.971404
050930110002,428,0.802625,533.250582,35.717904,-89.963670
050930110003,772,0.681059,1133.529271,35.698969,-89.961302
050930110004,1506,3.989356,377.504562,35.676030,-89.965103
050930111001,811,15.993806,50.707130,35.704872,-90.021979
050930111002,2439,4.837670,504.168360,35.686037,-90.000381
050930112001,808,24.477756,33.009562,35.518638,-90.062048
050930112002,1105,89.656440,12.324826,35.620567,-90.005163
050930113001,483,35.123664,13.751413,35.584899,-90.208021
050930113002,1245,104.065098,11.963665,35.493573,-90.170234
050930114001,823,2.798434,294.093045,35.941760,-89.990756
050930114002,898,4.975948,180.468140,35.957383,-90.001644
050930114003,482,4.935118,97.667370,35.959164,-89.943505
050959501001,578,8.737201,66.153911,34.874637,-91.139383
050959501002,478,18.606861,25.689448,34.938082,-91.178764
050959501003,1290,75.526352,17.080131,34.927533,-91.256373
050959501004,764,1.893734,403.435714,34.874837,-91.205534
050959502001,1112,106.407360,10.450405,34.716266,-91.332878
050959502002,821,43.993740,18.661746,34.639561,-91.270424
050959503001,792,182.293262,4.344648,34.487688,-91.151901
050959503002,964,170.010263,5.670246,34.722237,-91.159238
050979530001,929,91.990603,10.098858,34.642822,-93.489126
050979530002,947,6.665205,142.081157,34.545656,-93.664153
050979530003,598,23.126715,25.857542,34.554114,-93.461726
050979530004,534,27.918406,19.127167,34.530195,-93.572367
050979531001,1111,130.564362,8.509213,34.585036,-93.816749
050979531002,812,140.078307,5.796758,34.675061,-93.660098
050979532001,1630,121.663755,13.397581,34.418366,-93.518734
050979532002,1114,58.639467,18.997444,34.483432,-93.649277
050979532003,809,179.806117,4.499291,34.427660,-93.808906
050990901001,484,125.963948,3.842369,33.684793,-93.179735
050990901002,747,87.345538,8.552240,33.660729,-93.262553
050990901003,922,67.249858,13.710066,33.671246,-93.408885
050990902001,1734,4.998848,346.879945,33.773657,-93.388373
050990902002,1354,8.089833,167.370585,33.801997,-93.412559
050990902003,1671,129.926367,12.861131,33.840354,-93.376042
050990903001,490,84.637573,5.789391,33.502356,-93.222408
050990903002,908,109.577670,8.286360,33.537740,-93.398537
051011801001,877,33.799759,25.946931,36.038405,-93.211885
051011801002,1449,78.323061,18.500298,36.052831,-93.024520
051011801003,1094,119.920663,9.122698,36.075944,-93.308036
051011802001,1340,159.644608,8.393644,35.902328,-93.057524
051011802002,1413,100.525780,14.056096,35.942261,-93.265385
051011802003,1052,328.857963,3.198949,35.827116,-93.309017
051039501011,1168,6.301855,185.342258,33.591878,-92.740017
051039501012,789,28.529099,27.655973,33.607296,-92.769765
051039501021,710,2.473382,287.056390,33.721912,-92.608711
051039501022,617,107.126276,5.759558,33.758952,-92.766199
051039501023,673,29.736755,22.631924,33.703585,-92.660225
051039501024,979,32.420620,30.196831,33.668648,-92.792377
051039502001,1265,97.614532,12.959136,33.705642,-92.941113
051039502002,1008,115.347377,8.738820,33.645822,-93.041798
051039503011,809,60.833451,13.298604,33.400322,-92.699253
051039503012,1182,71.277285,16.583123,33.436098,-92.844361
051039503021,702,5.665424,123.909532,33.441912,-93.067591
051039503022,1033,17.711424,58.323938,33.500378,-92.873056
051039503023,1095,129.088400,8.482559,33.481083,-93.013883
051039504001,1163,1.300130,894.525996,33.593570,-92.831180
051039504002,1293,1.832523,705.584415,33.592965,-92.862620
051039504003,627,0.316784,1979.263719,33.591781,-92.846796
051039505001,1401,3.997109,350.503353,33.524411,-92.838148
051039505002,984,0.884619,1112.343131,33.543329,-92.841637
051039505003,1032,6.222183,165.858178,33.552506,-92.810506
051039506001,537,0.541409,991.857051,33.578879,-92.845900
051039506002,419,0.359419,1165.770233,33.580799,-92.833731
051039506003,495,0.731041,677.116425,33.576625,-92.820459
051039506004,571,0.445878,1280.619050,33.573423,-92.834627
051039506005,1323,8.259570,160.177838,33.556905,-92.887778
051039506006,775,3.704368,209.212477,33.549847,-92.857767
051059527001,1459,33.600581,43.421869,34.985841,-92.601823
051059527002,1290,34.727502,37.146351,35.069003,-92.621167
051059527003,1447,22.480431,64.367094,35.008120,-92.706952
051059527004,1007,36.741311,27.407841,34.935972,-92.723334
051059528001,753,2.172507,346.604195,35.002317,-92.784850
051059528002,767,97.120264,7.897425,34.905069,-92.879012
051059528003,1645,45.608395,36.067922,35.034651,-92.811410
051059529001,648,220.794106,2.934861,34.888626,-93.201027
051059529002,1003,58.132153,17.253791,35.035361,-92.997841
051074801001,470,33.734458,13.932342,34.584488,-90.616976
051074801002,758,0.981076,772.621135,34.539394,-90.607406
051074801003,525,1.421832,369.242034,34.535948,-90.621069
051074801004,778,0.505181,1540.041829,34.535860,-90.587384
051074802011,1194,42.432068,28.139095,34.595133,-90.763141
051074802012,587,75.338687,7.791482,34.608720,-90.938125
051074802013,525,6.631698,79.165245,34.573550,-90.905073
051074802021,1105,63.917430,17.287929,34.510300,-90.771088
051074802022,501,79.582297,6.295370,34.487388,-90.962953
051074802023,463,9.253898,50.032967,34.538321,-90.902430
051074803001,782,1.159085,674.669964,34.563613,-90.637595
051074803002,855,0.540867,1580.795391,34.536080,-90.638248
051074803003,741,0.365609,2026.753139,34.545554,-90.634558
051074803004,945,0.500413,1888.438284,34.557328,-90.646222
051074803005,974,1.860700,523.458791,34.557877,-90.656393
051074803006,772,6.692970,115.344905,34.578099,-90.677037
051074804001,548,1.033951,530.005734,34.522886,-90.600615
051074804002,406,5.532743,73.381321,34.511237,-90.614911
051074804003,252,1.084941,232.270719,34.510948,-90.591786
051074805001,765,0.426441,1793.917759,34.537687,-90.654284
051074805002,372,0.204009,1823.452018,34.544042,-90.652429
051074805003,920,5.650127,162.828207,34.508145,-90.644595
051074806001,539,3.204008,168.226809,34.307762,-90.861679
051074806002,791,348.305498,2.270995,34.212694,-90.979888
051099533001,1143,2.380414,480.168572,34.335155,-93.535072
051099533002,1428,14.304277,99.830282,34.324170,-93.542321
051099533003,1207,133.403943,9.047709,34.200330,-93.550907
051099534001,897,111.428859,8.049979,34.297364,-93.782723
051099534002,1339,122.631290,10.918910,34.194034,-93.748479
051099535001,639,54.257007,11.777281,34.018579,-93.454461
051099535002,1068,69.438265,15.380569,34.034019,-93.562493
051099535003,1368,46.496018,29.421874,34.030218,-93.671546
051099535004,1082,45.994940,23.524327,34.075522,-93.761930
051114901001,525,70.950071,7.399570,35.622399,-90.346487
051114901002,944,75.325542,12.532270,35.474548,-90.399437
051114901003,1065,5.301842,200.873565,35.611824,-90.309041
051114901004,750,5.016193,149.515792,35.493972,-90.353806
051114901005,662,0.540064,1225.780945,35.605749,-90.339872
051114902001,871,145.063718,6.004258,35.569899,-90.528707
051114902002,541,32.539942,16.625721,35.655485,-90.590455
051114903001,1154,4.878932,236.527172,35.652939,-90.500118
051114903002,1442,4.908136,293.797864,35.690578,-90.500390
051114903003,721,0.220756,3266.046054,35.670235,-90.511715
051114904001,1826,2.443814,747.192732,35.665897,-90.530504
051114904002,1195,1.584532,754.165722,35.692645,-90.526072
051114904003,1458,1.417732,1028.403118,35.684998,-90.539832
051114905011,1404,3.487350,402.597918,35.557908,-90.735022
051114905012,1295,6.005545,215.634067,35.571685,-90.705846
051114905021,1264,68.498880,18.452857,35.650456,-90.741663
051114905022,966,58.624091,16.477868,35.494582,-90.723967
051114905023,1307,20.665606,63.245180,35.583077,-90.671208
051114906001,393,113.417622,3.465070,35.506079,-90.928396
051114906002,1020,128.780990,7.920424,35.638789,-90.924731
051114907001,493,2.090151,235.868137,35.535311,-90.440063
051114907002,460,0.184526,2492.874395,35.532477,-90.414172
051114907003,1209,6.349130,190.419781,35.523042,-90.399996
051139501001,1137,86.134505,13.200285,34.647316,-94.044323
051139501002,1655,63.307377,26.142293,34.574055,-94.065879
051139501003,1202,112.515740,10.682950,34.498168,-94.084539
051139502011,1698,4.856370,349.643885,34.567321,-94.288253
051139502012,818,0.368377,2220.549018,34.583790,-94.242452
051139502021,1216,58.642297,20.735886,34.676637,-94.291135
051139502022,1217,34.132290,35.655387,34.633766,-94.309007
051139502023,739,28.721731,25.729647,34.628256,-94.379914
051139503001,1138,65.889699,17.271288,34.551084,-94.384314
051139503002,1295,60.743132,21.319283,34.471709,-94.340033
051139504001,1954,7.017941,278.429239,34.564817,-94.215789
051139504002,1097,5.651714,194.100410,34.554164,-94.258129
051139505001,898,143.232455,6.269529,34.411906,-94.092930
051139505002,1050,46.543829,22.559382,34.381336,-94.362886
051139506001,1454,81.826934,17.769210,34.303360,-94.384509
051139506002,653,57.253822,11.405352,34.221988,-94.356873
051159507001,1485,165.303907,8.983454,35.579441,-92.902292
051159507002,1168,183.238692,6.374200,35.609587,-93.051948
051159507003,977,60.175617,16.235812,35.535627,-93.169856
051159508001,1681,12.263352,137.075083,35.322548,-93.249866
051159508002,1574,14.684918,107.184803,35.349434,-93.216319
051159508003,1041,49.229667,21.145786,35.422817,-93.242902
051159509011,1997,8.619073,231.695456,35.349212,-93.119123
051159509012,1141,8.796694,129.707813,35.341410,-93.067566
051159509021,1099,12.838535,85.601670,35.424175,-93.090909
051159509022,1227,9.836388,124.740906,35.387615,-93.138406
051159509023,1474,6.886003,214.057401,35.377443,-93.082961
051159510001,1840,58.617593,31.389894,35.382845,-92.909091
051159510002,1513,18.521423,81.689187,35.342777,-92.990157
051159510003,1228,27.139686,45.247392,35.412267,-93.013346
051159511001,1408,8.514109,165.372568,35.220161,-92.968480
051159511002,1481,12.543820,118.066106,35.262883,-92.888772
051159511003,944,23.554948,40.076506,35.206116,-92.896931
051159512011,2271,10.001214,227.072428,35.306706,-93.069133
051159512012,1132,18.536518,61.068643,35.296003,-92.975288
051159512021,928,14.690928,63.168234,35.205841,-92.998818
051159512022,2784,16.817024,165.546533,35.270438,-93.022103
051159512023,2290,24.049203,95.221451,35.190520,-93.066995
051159513011,1314,2.122151,619.183180,35.279482,-93.102781
051159513021,1326,0.232201,5710.577596,35.288987,-93.126008
051159513022,1157,0.232747,4971.062692,35.290997,-93.118797
051159513023,1303,0.504800,2581.218307,35.280587,-93.123438
051159513031,761,1.116425,681.640169,35.303245,-93.128409
051159513032,2071,3.324228,623.001719,35.311520,-93.113508
051159514001,1532,1.867227,820.467953,35.290867,-93.152832
051159514002,2983,3.874385,769.928730,35.313414,-93.162043
051159515011,2485,3.408006,729.165385,35.292608,-93.190835
051159515012,1218,4.865776,250.319764,35.261105,-93.167687
051159515031,784,0.449409,1744.511801,35.281666,-93.155809
051159515032,1872,1.050470,1782.059990,35.272480,-93.160826
051159515041,2148,0.788168,2725.306960,35.270998,-93.147887
051159515042,1903,0.615410,3092.246636,35.266510,-93.137801
051159516011,1652,2.024231,816.112269,35.263964,-93.099646
051159516012,1697,0.955868,1775.349559,35.256721,-93.112610
051159516013,1977,0.678544,2913.589618,35.270536,-93.128595
051159516014,1185,0.764843,1549.337010,35.257570,-93.126739
051159516021,1330,17.393372,76.465908,35.217760,-93.109020
051174601001,812,89.253502,9.097682,34.989914,-91.707813
051174601002,1000,183.457682,5.450848,34.965785,-91.474103
051174601003,906,3.140189,288.517672,34.998413,-91.505437
051174601004,1069,4.204539,254.249063,34.977403,-91.527019
051174602001,996,197.850926,5.034093,34.737302,-91.631658
051174602002,749,10.186199,73.530864,34.777095,-91.597560
051174602003,823,8.589600,95.813541,34.783086,-91.562441
051174603001,741,108.983184,6.799214,34.660819,-91.473998
051174603002,736,17.847745,41.237703,34.775202,-91.454955
051174603003,450,24.006743,18.744734,34.801333,-91.411508
051190005001,753,1.279853,588.349005,34.714435,-92.275023
051190005002,721,0.280851,2567.200203,34.718562,-92.286989
051190005003,760,0.233996,3247.912647,34.719943,-92.281100
051190011001,839,0.262563,3195.423801,34.718996,-92.292990
051190011002,1145,0.862713,1327.208120,34.722140,-92.297440
051190012001,1728,0.790532,2185.869214,34.723553,-92.310355
051190012002,631,0.160259,3937.365981,34.730172,-92.316164
051190013001,531,0.252092,2106.374776,34.737247,-92.306561
051190013002,561,0.142316,3941.918648,34.742239,-92.311334
051190013003,877,0.300450,2918.958381,34.737653,-92.315222
051190015011,782,0.340538,2296.367304,34.761427,-92.320133
051190015012,1389,0.345095,4024.978390,34.756896,-92.326320
051190015013,1785,0.423315,4216.721189,34.755679,-92.334070
051190015021,1368,0.547704,2497.699220,34.754959,-92.303128
051190015022,1609,0.623614,2580.123028,34.765807,-92.303653
051190015023,1119,0.197604,5662.852015,34.753616,-92.312404
051190016001,1319,0.420597,3136.019224,34.766004,-92.323869
051190016002,1149,0.248327,4626.956285,34.766313,-92.336399
051190016003,2038,0.457109,4458.454734,34.773262,-92.333115
051190016004,1505,1.504993,1000.004389,34.775205,-92.321614
051190018001,839,0.207269,4047.889201,34.739122,-92.321399
051190018002,1082,0.175197,6175.906839,34.737254,-92.326863
051190018003,818,0.260871,3135.643797,34.739699,-92.338513
051190018004,1204,0.341822,3522.296767,34.740174,-92.331127
051190019001,1147,0.340896,3364.660962,34.730148,-92.333776
051190019002,1223,0.285035,4290.696847,34.729367,-92.323901
051190019003,1564,0.714077,2190.241101,34.719271,-92.328575
051190020011,2213,1.626174,1360.862765,34.705941,-92.330171
051190020012,2063,0.723400,2851.811500,34.695766,-92.352221
051190020013,1199,0.447598,2678.744130,34.684750,-92.355906
051190020021,1229,2.706438,454.102484,34.700664,-92.313292
051190020022,1645,0.717133,2293.856161,34.684216,-92.342352
051190020023,1937,1.036121,1869.472823,34.684781,-92.322322
051190021021,1107,0.296743,3730.495182,34.738517,-92.347651
051190021022,1747,0.592076,2950.632408,34.722531,-92.353266
051190021023,1945,0.954813,2037.048354,34.718919,-92.342642
051190021031,1175,0.331324,3546.382609,34.748814,-92.363114
051190021032,2461,0.735696,3345.133252,34.747303,-92.349883
051190021041,1090,0.303196,3595.029818,34.755743,-92.365427
051190021042,1178,0.389258,3026.269269,34.762622,-92.364739
051190021043,1083,0.346144,3128.755120,34.757458,-92.345380
051190021044,1208,0.347973,3471.529600,34.757740,-92.354166
051190022031,1803,0.389579,4628.077354,34.765730,-92.348828
051190022032,971,0.158434,6128.722691,34.761903,-92.374084
051190022033,971,0.260543,3726.828020,34.769559,-92.361136
051190022034,1462,0.507839,2878.862902,34.772705,-92.370643
051190022061,1146,0.109723,10444.492681,34.771254,-92.408453
051190022062,1088,0.142883,7614.647910,34.766568,-92.407789
051190022063,1542,0.233517,6603.387317,34.760970,-92.406364
051190022081,904,0.380190,2377.759889,34.753580,-92.380976
051190022082,1248,0.445513,2801.265964,34.759221,-92.387845
051190022091,1052,0.379715,2770.497054,34.767574,-92.397887
051190022092,1003,0.291840,3436.810738,34.760125,-92.393965
051190022093,1413,0.286864,4925.674753,34.754973,-92.399217
051190022101,1598,0.834691,1914.480720,34.781417,-92.394872
051190022111,1725,0.272977,6319.215355,34.765687,-92.378580
051190022112,1841,0.427996,4301.444209,34.770947,-92.385974
051190022113,1875,0.591356,3170.678933,34.778737,-92.381637
051190024031,2417,1.340243,1803.404534,34.737552,-92.360939
051190024032,828,0.216017,3833.034822,34.724221,-92.369069
051190024033,743,0.180585,4114.414781,34.724116,-92.362107
051190024051,1762,0.779565,2260.236085,34.716065,-92.384864
051190024052,1415,2.958084,478.350200,34.700867,-92.396835
051190024053,1743,1.784915,976.517010,34.691546,-92.380369
051190024061,1151,0.509718,2258.112305,34.716465,-92.366055
051190024062,1853,1.741382,1064.097526,34.706465,-92.364728
051190024071,2544,1.483414,1714.962748,34.740579,-92.403837
051190024091,1697,0.277586,6113.424444,34.737745,-92.377056
051190024092,752,0.628177,1197.115533,34.746448,-92.380734
051190024093,685,0.136625,5013.725475,34.740020,-92.382777
051190024101,2008,1.206111,1664.855672,34.729501,-92.391583
051190024102,1772,0.383577,4619.676234,34.726369,-92.377160
051190025001,1732,1.064334,1627.308960,34.759842,-92.270568
051190026001,902,1.376511,655.280113,34.750918,-92.232833
051190027001,1105,0.606222,1822.763172,34.774195,-92.191279
051190027002,793,0.308940,2566.844431,34.762141,-92.208586
051190027003,1334,0.618845,2155.630234,34.755872,-92.214476
051190027004,1803,2.528534,713.061511,34.756079,-92.192931
051190027005,776,0.857991,904.438590,34.771766,-92.208649
051190028001,940,0.447021,2102.807808,34.759996,-92.237959
051190028002,831,3.276417,253.630721,34.769625,-92.238959
051190029001,1141,0.638522,1786.939632,34.775842,-92.268135
051190030011,616,0.112165,5491.890646,34.770295,-92.274953
051190030012,1184,0.515790,2295.509524,34.764649,-92.289030
051190030013,552,0.134856,4093.260144,34.765238,-92.282146
051190030014,636,0.147171,4321.493809,34.770901,-92.284369
051190030021,1769,0.621302,2847.246222,34.779714,-92.283297
051190030022,310,0.112701,2750.643433,34.774703,-92.275840
051190030023,558,0.130545,4274.400757,34.776234,-92.280575
051190031001,963,0.847380,1136.444163,34.778567,-92.297739
051190032021,1776,0.633624,2802.923494,34.813457,-92.264183
051190032022,1173,0.305664,3837.552568,34.799816,-92.270306
051190032023,1399,0.308638,4532.811297,34.796915,-92.275701
051190032024,2649,0.459233,5768.318586,34.810760,-92.272649
051190032071,885,0.890538,993.781646,34.810365,-92.296841
051190032072,1026,0.324614,3160.674735,34.806110,-92.288850
051190032081,2228,0.453287,4915.212183,34.803607,-92.282468
051190032082,1347,0.370273,3637.858925,34.792665,-92.283887
051190032083,922,0.379662,2428.478487,34.792032,-92.289791
051190033031,1371,0.348573,3933.183022,34.799928,-92.246268
051190033032,935,0.284052,3291.652179,34.806331,-92.243416
051190033033,2345,0.924492,2536.529534,34.798955,-92.226699
051190033051,1105,0.342305,3228.114841,34.785115,-92.266396
051190033052,750,0.128701,5827.461593,34.787615,-92.271834
051190033053,1101,0.270502,4070.204182,34.795457,-92.260584
051190033054,943,0.197557,4773.299226,34.792933,-92.267898
051190033061,1787,0.452544,3948.789252,34.811261,-92.254303
051190033062,1810,0.299129,6050.897629,34.802798,-92.260570
051190033071,938,0.379708,2470.322326,34.784268,-92.233813
051190033072,802,0.260044,3084.088278,34.791337,-92.236225
051190033081,1511,0.391599,3858.534224,34.797149,-92.250229
051190033082,937,0.382163,2451.832454,34.786025,-92.244819
051190033083,1281,0.498073,2571.910451,34.782120,-92.251674
051190033084,575,0.197414,2912.654510,34.786516,-92.258012
051190034031,1117,15.627752,71.475411,34.997257,-92.196538
051190034032,1564,9.145715,171.009054,34.950081,-92.186487
051190034041,1501,13.932138,107.736512,34.992162,-92.113173
051190034042,1197,7.962240,150.334579,34.952869,-92.118839
051190034043,1863,8.810806,211.444908,34.927216,-92.113612
051190034051,1454,4.867511,298.715289,34.895031,-92.182545
051190034061,2639,4.415030,597.730944,34.895224,-92.221868
051190034062,1434,5.408165,265.154633,34.914124,-92.226608
051190034063,707,1.244275,568.202447,34.879016,-92.219689
051190036041,1774,0.987834,1795.848511,34.873261,-92.184314
051190036042,2726,3.341324,815.844299,34.874358,-92.145475
051190036043,1897,0.710038,2671.686509,34.879912,-92.120108
051190036051,1606,3.531248,454.796734,34.833618,-92.147242
051190036052,2166,4.446090,487.169593,34.858826,-92.158832
051190036053,854,0.277409,3078.482765,34.856181,-92.118873
051190036054,1077,0.447814,2405.016235,34.863509,-92.125041
051190036061,1128,0.202604,5567.521098,34.862565,-92.104542
051190036062,973,0.320075,3039.910483,34.860242,-92.111758
051190036063,554,4.212076,131.526601,34.833388,-92.114792
051190036071,1236,1.439972,858.350106,34.859592,-92.080184
051190036072,1879,0.491682,3821.577337,34.855903,-92.101237
051190036073,1898,0.355146,5344.280464,34.863135,-92.094564
051190036081,1742,0.565608,3079.871562,34.872663,-92.115540
051190036082,2105,0.750192,2805.947420,34.877193,-92.103023
051190036083,1036,0.570480,1816.013868,34.871661,-92.095096
051190036091,1741,0.876543,1986.212573,34.902570,-92.095050
051190036092,1536,2.253947,681.471323,34.885538,-92.082134
051190036093,1201,0.653217,1838.591888,34.888002,-92.097520
051190037031,901,0.479027,1880.896422,34.820090,-92.205437
051190037032,926,0.365254,2535.220771,34.813069,-92.210847
051190037033,1564,0.536259,2916.499980,34.806499,-92.223123
051190037034,1064,0.403080,2639.675537,34.814266,-92.221635
051190037035,892,0.232033,3844.278923,34.811014,-92.238075
051190037036,1233,0.605144,2037.532557,34.820507,-92.227621
051190037041,1864,0.664268,2806.096697,34.827460,-92.220689
051190037042,2015,0.832962,2419.078700,34.827920,-92.198830
051190037071,925,0.481508,1921.048033,34.835692,-92.176686
051190037072,1319,0.300171,4394.158157,34.847588,-92.187127
051190037073,1982,1.119951,1769.719535,34.854179,-92.190688
051190037111,791,0.203582,3885.411968,34.835868,-92.207241
051190037112,833,0.202023,4123.286336,34.835132,-92.195277
051190037113,1817,0.392976,4623.692794,34.846124,-92.197067
051190037114,2512,0.873174,2876.862366,34.841901,-92.203668
051190037121,1149,0.470748,2440.795795,34.819161,-92.249369
051190037122,1116,1.347070,828.464572,34.831729,-92.251907
051190037123,1776,0.415323,4276.192369,34.823875,-92.239526
051190037131,3146,3.748630,839.239860,34.865178,-92.224344
051190037132,1776,0.752138,2361.269388,34.835136,-92.237777
051190037141,1079,0.357258,3020.229453,34.836606,-92.225441
051190037142,1473,0.703040,2095.185745,34.847399,-92.220496
051190037143,660,0.194302,3396.773215,34.842103,-92.224740
051190037144,1237,0.307612,4021.296645,34.837745,-92.215179
051190038001,1198,2.254720,531.329923,34.822772,-92.179301
051190038002,855,1.128772,757.460335,34.786710,-92.197478
051190038003,2104,3.149359,668.072403,34.797255,-92.206692
051190038004,608,17.291235,35.162324,34.805090,-92.125778
051190039001,2509,22.530734,111.359000,34.755502,-92.122063
051190039002,1994,76.634309,26.019677,34.585656,-92.100231
051190040011,800,7.176369,111.476984,34.670782,-92.286292
051190040012,817,1.879002,434.805181,34.708175,-92.222516
051190040013,930,4.895581,189.967247,34.695999,-92.249368
051190040041,1146,4.612625,248.448550,34.595806,-92.275489
051190040042,1447,3.177895,455.332924,34.595657,-92.309197
051190040043,887,2.721940,325.870484,34.599615,-92.336096
051190040051,1128,11.399872,98.948476,34.598554,-92.228297
051190040052,2140,37.314313,57.350647,34.564289,-92.196500
051190040061,811,4.104815,197.572870,34.651077,-92.287909
051190040062,896,2.947751,303.960586,34.628603,-92.290177
051190040063,1098,3.779529,290.512424,34.640641,-92.321331
051190040064,825,2.411982,342.042392,34.630970,-92.343535
051190040071,947,8.321745,113.798251,34.646344,-92.253545
051190040072,1507,23.041476,65.403796,34.681163,-92.198889
051190041031,2077,0.630003,3296.808242,34.674211,-92.352321
051190041032,809,0.664399,1217.641462,34.675428,-92.370687
051190041033,946,4.796207,197.239195,34.667836,-92.394667
051190041041,852,2.790716,305.297964,34.633675,-92.394757
051190041042,1288,2.523049,510.493448,34.632772,-92.426609
051190041051,2423,0.940627,2575.940041,34.661534,-92.372251
051190041052,1375,0.554675,2478.930233,34.665820,-92.377602
051190041053,2298,1.764819,1302.116884,34.642604,-92.374073
051190041061,2288,1.065923,2146.495653,34.647051,-92.351913
051190041062,1934,0.493844,3916.213666,34.658391,-92.354265
051190041063,1859,0.542362,3427.597897,34.665584,-92.353324
051190041071,2261,0.608336,3716.696053,34.673805,-92.336306
051190041072,916,1.156565,792.000344,34.675665,-92.315826
051190041081,1300,0.474440,2740.074645,34.659039,-92.329749
051190041082,2304,0.709954,3245.279655,34.657479,-92.340829
051190041083,2064,0.614092,3361.057748,34.664352,-92.322477
051190042011,1556,31.102918,50.027460,34.902240,-92.517469
051190042012,954,32.785426,29.098295,34.878174,-92.617026
051190042021,2122,55.596877,38.167612,34.827328,-92.619479
051190042022,2045,13.021299,157.050386,34.767089,-92.521721
051190042051,2961,10.575879,279.976717,34.828111,-92.448432
051190042052,1972,2.889544,682.460679,34.801843,-92.406604
051190042131,3326,2.697000,1233.222263,34.781439,-92.485199
051190042132,2332,5.320510,438.303867,34.800553,-92.505253
051190042141,1573,0.574906,2736.098924,34.796272,-92.421050
051190042142,1302,0.326954,3982.216139,34.796383,-92.433162
051190042151,800,0.480811,1663.853805,34.777846,-92.408110
051190042152,1756,0.527805,3326.987934,34.789809,-92.413767
051190042153,1446,0.324857,4451.188063,34.793129,-92.405752
051190042154,1312,0.694156,1890.064833,34.778463,-92.417810
051190042181,2630,0.858109,3064.877473,34.750406,-92.428318
051190042182,658,0.362389,1815.730726,34.748954,-92.414180
051190042191,1273,0.566558,2246.902205,34.786103,-92.432900
051190042192,1176,0.351116,3349.325113,34.769561,-92.438266
051190042193,1588,0.522168,3041.164380,34.775108,-92.427397
051190042194,1592,0.814009,1955.751990,34.768410,-92.419315
051190042201,1105,0.374480,2950.760659,34.646860,-92.438467
051190042202,2276,1.103350,2062.808272,34.654419,-92.435809
051190042203,1312,0.351625,3731.246014,34.668505,-92.434291
051190042204,2019,0.504691,4000.466662,34.665015,-92.426353
051190042221,1761,0.445147,3955.998059,34.761413,-92.417930
051190042222,931,0.310958,2993.975406,34.755724,-92.414233
051190042231,2288,0.898157,2547.439852,34.765553,-92.447620
051190042232,1243,0.316066,3932.718983,34.760293,-92.432511
051190042241,3912,3.456761,1131.695235,34.724311,-92.421307
051190042242,2318,0.695445,3333.116314,34.737996,-92.416030
051190042251,2942,7.970215,369.124280,34.737062,-92.458324
051190042252,1036,6.132527,168.935264,34.728885,-92.515228
051190042261,1615,1.469191,1099.244189,34.679619,-92.438727
051190042262,1649,4.318046,381.885723,34.690995,-92.419670
051190042271,857,3.179026,269.579442,34.690682,-92.459058
051190042272,748,10.465789,71.470959,34.699732,-92.506582
051190042281,1496,1.434902,1042.579664,34.780583,-92.449902
051190042282,903,0.423025,2134.625068,34.798832,-92.444895
051190042291,1099,0.473026,2323.338982,34.807223,-92.480582
051190042292,1371,0.631145,2172.243901,34.801108,-92.465337
051190042293,1991,1.210599,1644.640914,34.789117,-92.463444
051190043021,2498,9.216515,271.035205,34.900599,-92.385631
051190043022,1126,3.177572,354.358598,34.855702,-92.339393
051190043023,639,1.488225,429.370565,34.823360,-92.332800
051190043024,1107,40.177588,27.552675,34.886168,-92.305651
051190043061,2304,1.125396,2047.279540,34.867501,-92.412604
051190043062,1072,0.377661,2838.523045,34.859369,-92.405444
051190043063,2295,0.564413,4066.171290,34.852011,-92.413156
051190043071,915,4.089759,223.729590,34.797536,-92.342377
051190043072,4233,3.989290,1061.091140,34.832531,-92.372772
051190043081,1183,0.180843,6541.602832,34.823956,-92.387283
051190043082,2176,1.069292,2034.991059,34.836072,-92.405169
051190043091,3574,2.219141,1610.532750,34.844679,-92.365371
051190043092,922,4.717987,195.422331,34.857263,-92.377517
051190043101,1015,6.025576,168.448618,34.899769,-92.416657
051190043102,1612,0.404575,3984.425973,34.877040,-92.400799
051190043103,1651,0.431951,3822.196055,34.876821,-92.417883
051190043111,1377,0.395920,3477.972271,34.867824,-92.427109
051190043112,2446,3.649396,670.247916,34.852207,-92.429789
051190044001,1636,0.622454,2628.307419,34.743695,-92.271494
051190044002,306,0.589403,519.168976,34.749459,-92.284098
051190045001,1289,0.340769,3782.623893,34.735524,-92.297693
051190045002,1152,0.727397,1583.729869,34.741226,-92.290171
051190046001,618,0.521207,1185.709266,34.727336,-92.263284
051190046002,1211,0.335183,3612.955829,34.736699,-92.266058
051190046003,617,0.300686,2051.977555,34.736200,-92.258545
051190047001,648,0.138301,4685.418707,34.732551,-92.274023
051190047002,797,0.127646,6243.823461,34.731432,-92.279983
051190047003,880,0.233849,3763.119112,34.726869,-92.278073
051190047004,1032,0.340170,3033.778109,34.731984,-92.285602
051190048011,1165,0.225851,5158.271631,34.747878,-92.312138
051190048012,740,0.172612,4287.062259,34.747362,-92.305064
051190048013,510,0.162719,3134.232161,34.748085,-92.297939
051190049011,852,0.152169,5599.036502,34.770180,-92.348276
051190049012,847,0.253560,3340.434204,34.774123,-92.345491
051190049013,778,0.282939,2749.707973,34.780800,-92.344976
051190049021,662,0.839631,788.441338,34.791186,-92.379669
051190049022,862,0.244890,3519.948777,34.776484,-92.354472
051190049023,2280,1.177580,1936.173679,34.788125,-92.364530
051199801001,4,2.663285,1.501904,34.800405,-92.317696
051199802001,565,0.673749,838.591178,34.749096,-92.330219
051199803001,1150,0.233015,4935.305244,34.893543,-92.155423
051199803002,1098,0.538468,2039.116513,34.890226,-92.165794
051199803003,888,9.012174,98.533382,34.907250,-92.130328
051199804001,532,5.880350,90.470809,34.730345,-92.234190
051219601001,1124,47.101285,23.863468,36.428295,-90.810857
051219601002,977,39.730513,24.590671,36.434337,-90.915190
051219601003,899,60.063919,14.967388,36.344110,-90.884622
051219601004,472,55.269062,8.540040,36.268688,-90.840457
051219601005,537,48.441637,11.085505,36.187055,-90.927365
051219602011,912,132.252877,6.895880,36.399460,-91.231848
051219602012,1036,74.836323,13.843545,36.245959,-91.162191
051219602021,2034,44.286231,45.928496,36.224221,-91.043166
051219602022,940,85.432482,11.002841,36.440855,-91.044308
051219602023,1341,41.466935,32.339019,36.341299,-91.028441
051219603011,1080,4.592493,235.166376,36.294799,-90.994375
051219603012,1312,4.181552,313.759072,36.289286,-91.023620
051219603013,1928,2.278602,846.132717,36.266667,-91.000790
051219603021,1124,6.090157,184.560105,36.250568,-90.948759
051219603022,852,0.378859,2248.856163,36.263496,-90.976712
051219603023,636,3.399723,187.074089,36.234908,-90.975004
051219603024,1367,2.109989,647.870608,36.286546,-90.956975
051239601001,362,59.223213,6.112468,35.048020,-90.439767
051239601002,644,8.654223,74.414540,34.929988,-90.471088
051239601003,663,158.641566,4.179233,35.035077,-90.585071
051239601004,533,7.136695,74.684431,34.965609,-90.457473
051239602011,888,18.619538,47.691838,35.125337,-90.823028
051239602012,1193,31.307998,38.105279,35.057554,-90.840773
051239602021,898,40.899190,21.956425,35.096466,-90.719771
051239602022,790,3.630541,217.598401,35.079667,-90.765958
051239602023,733,74.826084,9.796049,34.946917,-90.733091
051239602024,662,3.736911,177.151646,35.017993,-90.731150
051239603001,754,16.947863,44.489386,34.973502,-90.912261
051239603002,494,89.279525,5.533184,35.059217,-90.959418
051239603003,878,91.066503,9.641306,34.942023,-91.034998
051239604001,1633,4.692023,348.037532,35.046250,-90.797118
051239604002,584,0.195581,2985.977859,35.016833,-90.792689
051239604003,670,0.242017,2768.396824,35.012360,-90.795444
051239604004,1078,3.871765,278.425998,35.019407,-90.812281
051239605001,737,1.773370,415.593021,35.007862,-90.761099
051239605002,720,0.642727,1120.226305,35.019001,-90.780029
051239605003,1497,3.577253,418.477563,35.021423,-90.766594
051239606001,1948,9.044424,215.381328,34.976258,-90.763583
051239606002,362,0.370545,976.939520,34.998265,-90.791616
051239606003,3916,4.418587,886.256156,34.975999,-90.795855
051239606004,453,1.985847,228.114211,34.991529,-90.811661
051250101011,1154,0.831969,1387.070152,34.574816,-92.578368
051250101012,1805,0.638708,2826.019446,34.562715,-92.578022
051250101013,841,0.402964,2087.033008,34.567003,-92.592802
051250101041,1219,0.602744,2022.417210,34.598266,-92.541271
051250101042,2602,1.172706,2218.800374,34.589779,-92.551698
051250101051,2429,0.921407,2636.184835,34.568354,-92.560374
051250101052,2930,1.421622,2061.026670,34.579271,-92.554230
051250101061,3276,5.555081,589.730405,34.566338,-92.521854
051250101071,2764,2.112005,1308.709224,34.601036,-92.497153
051250101072,908,0.580915,1563.050295,34.606215,-92.513290
051250101073,2782,2.219917,1253.199928,34.594074,-92.526838
051250103011,1094,0.409752,2669.907169,34.595538,-92.563009
051250103012,1295,1.539410,841.231296,34.619603,-92.555506
051250103013,2383,1.354342,1759.526368,34.607822,-92.556516
051250103021,1288,2.089583,616.391054,34.612133,-92.581085
051250103022,2470,1.931969,1278.488356,34.589830,-92.581564
051250103031,1547,1.813638,852.981660,34.602466,-92.605882
051250103032,1851,1.294686,1429.690009,34.571658,-92.604359
051250103033,780,0.759873,1026.487339,34.585447,-92.602935
051250104051,1601,3.310906,483.553454,34.549989,-92.325944
051250104052,1646,22.231941,74.037621,34.534624,-92.286377
051250104053,1434,5.894870,243.262349,34.577126,-92.282503
051250104061,1869,5.596187,333.977398,34.559117,-92.385802
051250104062,1823,11.192163,162.881826,34.508770,-92.374703
051250104063,2010,4.783389,420.204191,34.564730,-92.361152
051250104071,1567,7.650641,204.819431,34.557384,-92.415376
051250104072,3376,44.785153,75.382124,34.500623,-92.465885
051250104081,1713,0.742060,2308.439364,34.621203,-92.425192
051250104082,1769,2.358344,750.102605,34.614860,-92.404513
051250104083,3495,8.253276,423.468183,34.590612,-92.426694
051250104091,1941,4.722500,411.011112,34.600436,-92.380633
051250104092,1174,3.128490,375.260858,34.602592,-92.355672
051250104101,2546,9.578250,265.810567,34.590165,-92.464980
051250104111,1914,1.263246,1515.144838,34.619924,-92.474683
051250104112,1340,0.850551,1575.450025,34.607458,-92.488544
051250104113,1268,0.497912,2546.633088,34.616840,-92.489543
051250104114,1178,1.275520,923.544805,34.629493,-92.457281
051250105071,1955,22.630402,86.388214,34.731780,-92.603130
051250105072,1012,49.175830,20.579215,34.657883,-92.708159
051250105073,740,66.903213,11.060754,34.773994,-92.702689
051250105081,1187,42.683757,27.809173,34.591706,-92.762140
051250105082,1871,18.338448,102.026083,34.526947,-92.740602
051250105083,2080,17.228495,120.730224,34.571154,-92.648409
051250105091,3860,9.370910,411.913045,34.670548,-92.503535
051250105092,1710,2.720566,628.545641,34.651043,-92.472171
051250105111,2198,9.265831,237.215638,34.680363,-92.557111
051250105112,2600,3.860174,673.544684,34.633812,-92.542325
051250105113,1879,3.017567,622.687137,34.649520,-92.563163
051250105121,2157,7.649225,281.989349,34.639697,-92.599078
051250105122,1081,8.655165,124.896518,34.678678,-92.605567
051250105131,1292,10.372439,124.560866,34.518825,-92.610315
051250105132,1842,18.799397,97.981868,34.466151,-92.630082
051250105141,1337,16.236862,82.343498,34.465501,-92.681565
051250105142,2303,6.612186,348.296315,34.511787,-92.658824
051250105151,854,1.809479,471.959166,34.644543,-92.926414
051250105152,1520,2.382527,637.978142,34.647575,-92.907630
051250105161,816,4.829515,168.961071,34.680755,-92.953506
051250105162,1259,4.767189,264.096931,34.649972,-92.966965
051250105171,1759,4.256906,413.210944,34.635879,-92.859595
051250105172,1281,195.304859,6.558977,34.765533,-92.889049
051250105181,1707,0.695497,2454.358560,34.637792,-92.518055
051250105182,1543,0.697868,2211.020855,34.618992,-92.519466
051250105191,1600,1.876660,852.578532,34.636271,-92.497456
051250105192,2682,1.807636,1483.706027,34.623585,-92.500358
051250105201,1763,1.390049,1268.300396,34.641044,-92.459524
051250106011,851,1.719799,494.825152,34.544199,-92.589375
051250106012,722,0.522639,1381.451489,34.554218,-92.593561
051250106013,1776,1.604843,1106.650651,34.552888,-92.606794
051250106021,1770,6.795416,260.469714,34.541060,-92.526010
051250106022,1327,13.782293,96.282963,34.501307,-92.567201
051279501001,566,132.017296,4.287317,34.992184,-93.929218
051279501002,1121,39.930732,28.073615,35.018991,-94.184599
051279501003,1435,214.976239,6.675156,34.864071,-94.316693
051279501004,982,58.651043,16.743095,34.927541,-93.979064
051279502001,1395,8.032054,173.679106,34.911815,-94.079489
051279502002,1353,4.798323,281.973504,34.893761,-94.111804
051279502003,1102,3.837320,287.179599,34.875034,-94.066567
051279503001,1041,262.578315,3.964531,34.811889,-93.870447
051279503002,841,168.028599,5.005100,34.751170,-94.183137
051299701001,675,188.340301,3.583938,35.865156,-92.844978
051299701002,824,65.835178,12.516105,36.034167,-92.862816
051299701003,713,57.574499,12.383955,36.036869,-92.721828
051299702001,971,21.207728,45.785196,35.872947,-92.675471
051299702002,845,13.169083,64.165438,35.938680,-92.666910
051299702003,739,38.855032,19.019416,35.991405,-92.640427
051299702004,828,82.688152,10.013527,36.011732,-92.512923
051299703001,817,94.704394,8.626844,35.784301,-92.714458
051299703002,703,40.106676,17.528254,35.865095,-92.536987
051299703003,713,63.352690,11.254455,35.826847,-92.460585
051310001001,1020,1.068830,954.314873,35.420412,-94.362926
051310001002,770,0.296196,2599.630376,35.418127,-94.379683
051310001003,928,0.193199,4803.338575,35.412720,-94.383885
051310001004,1046,0.382085,2737.609654,35.408326,-94.387874
051310001005,805,0.157229,5119.936223,35.405803,-94.390381
051310001006,1547,0.577500,2678.789909,35.409458,-94.373335
051310002001,1691,5.129916,329.635013,35.420830,-94.409606
051310002002,983,0.233871,4203.172593,35.421418,-94.396001
051310002003,1174,0.379299,3095.183169,35.419419,-94.387896
051310002004,1088,0.285126,3815.851423,35.412556,-94.401465
051310002005,625,0.219904,2842.153021,35.406429,-94.407021
051310003001,1356,0.627855,2159.735642,35.397376,-94.413826
051310003002,978,1.836315,532.588253,35.372519,-94.426619
051310004001,665,0.140387,4736.914448,35.401503,-94.399413
051310004002,877,0.304992,2875.487638,35.394695,-94.407160
051310004003,419,0.106200,3945.396640,35.388398,-94.414717
051310004004,1450,0.295779,4902.309415,35.389300,-94.404030
051310005011,1755,0.406325,4319.202276,35.398883,-94.393459
051310005012,1215,0.168736,7200.584758,35.395871,-94.388848
051310005013,1058,0.209247,5056.227677,35.389494,-94.394928
051310005014,1220,0.229309,5320.328224,35.389322,-94.387221
051310005021,1419,0.372511,3809.279777,35.399243,-94.383283
051310005022,962,0.433467,2219.316170,35.397598,-94.370732
051310005023,827,0.318588,2595.832657,35.389079,-94.377602
051310006001,1272,2.987372,425.792300,35.401049,-94.356189
051310006002,1082,0.442792,2443.583152,35.371726,-94.368904
051310006003,1784,0.980001,1820.406979,35.366852,-94.357273
051310006004,663,0.439248,1509.396683,35.360427,-94.367131
051310007001,773,0.143938,5370.378005,35.384090,-94.398194
051310007002,931,0.196685,4733.464591,35.380404,-94.396458
051310007003,748,0.162472,4603.876204,35.382630,-94.388742
051310007004,614,0.197440,3109.813127,35.376773,-94.396314
051310007005,988,0.356836,2768.778927,35.376253,-94.381436
051310007006,1209,0.261295,4626.960658,35.382596,-94.377789
051310008001,895,0.319313,2802.892031,35.379236,-94.416689
051310008002,911,0.151169,6026.366495,35.383888,-94.407102
051310008003,643,0.176627,3640.438670,35.380468,-94.409047
051310008004,741,0.145579,5090.004720,35.376402,-94.409269
051310008005,703,0.167955,4185.639702,35.373288,-94.405547
051310010011,1232,0.360366,3418.748897,35.370072,-94.410864
051310010012,747,0.171558,4354.214336,35.366299,-94.405496
051310010013,1319,0.302171,4365.074132,35.364416,-94.413522
051310010014,816,0.275949,2957.070757,35.359327,-94.417005
051310010015,714,0.127851,5584.635465,35.353603,-94.417688
051310010021,972,0.482085,2016.242624,35.358319,-94.404817
051310010022,1099,0.502349,2187.720295,35.351308,-94.402948
051310011011,1334,0.761004,1752.946810,35.365776,-94.394049
051310011012,755,0.402704,1874.827203,35.368967,-94.376588
051310011013,1186,0.588587,2014.995673,35.360977,-94.379426
051310011014,848,0.567558,1494.120904,35.353659,-94.378920
051310011021,1272,0.952149,1335.925684,35.346175,-94.380978
051310011022,1357,0.537154,2526.278240,35.349747,-94.357701
051310011023,646,3.526412,183.189015,35.336338,-94.363331
051310012011,1114,0.845908,1316.928480,35.348002,-94.423421
051310012012,970,0.304616,3184.340304,35.347906,-94.414878
051310012013,1395,0.567375,2458.690512,35.342632,-94.402005
051310012021,1647,1.009330,1631.775971,35.332585,-94.419347
051310012022,811,0.313157,2589.755000,35.332796,-94.405791
051310012023,784,0.369107,2124.046978,35.333682,-94.397858
051310013011,872,0.644258,1353.495483,35.364529,-94.341420
051310013012,694,0.745970,930.332045,35.349150,-94.348364
051310013013,1013,0.649437,1559.812677,35.353976,-94.331678
051310013051,1003,0.292672,3427.044611,35.348752,-94.329191
051310013052,903,0.350721,2574.693915,35.353393,-94.318405
051310013053,739,0.591330,1249.724926,35.346622,-94.316322
051310013054,1904,1.513320,1258.160803,35.336542,-94.329705
051310013061,1769,2.301702,768.561804,35.273588,-94.356524
051310013062,841,3.230197,260.355601,35.305752,-94.377488
051310013063,1354,0.598988,2260.480505,35.322519,-94.378878
051310013071,650,0.435963,1490.953517,35.323630,-94.304198
051310013072,2663,9.124711,291.844860,35.306086,-94.335893
051310013081,1637,4.940201,331.363058,35.337493,-94.273786
051310013082,1435,0.620784,2311.593340,35.330563,-94.318756
051310013083,1054,0.316474,3330.451013,35.338262,-94.311491
051310013091,1855,1.953445,949.604478,35.318712,-94.410506
051310013101,1742,0.915497,1902.791073,35.302326,-94.430585
051310013102,1889,0.801975,2355.435830,35.317030,-94.428581
051310013103,1642,0.461420,3558.580970,35.302730,-94.419692
051310013111,1753,3.731884,469.735890,35.280805,-94.408441
051310013112,2022,0.944412,2141.015472,35.286688,-94.415782
051310013121,1557,0.752731,2068.467319,35.295670,-94.396172
051310013122,1321,0.290277,4550.825462,35.305441,-94.400946
051310013123,1086,0.303418,3579.225356,35.298507,-94.404198
051310101011,1711,38.653398,44.265190,35.379886,-94.136801
051310101012,2648,5.666150,467.336700,35.334917,-94.197875
051310101013,1562,15.689497,99.557047,35.310487,-94.137730
051310101021,1355,28.064007,48.282485,35.111257,-94.207474
051310101022,1697,92.466461,18.352600,35.222816,-94.112506
051310101023,1487,8.797915,169.017320,35.214113,-94.206534
051310101024,1773,0.619503,2861.972334,35.212351,-94.233434
051310102011,867,38.480694,22.530778,35.263063,-94.242068
051310102012,1714,3.580677,478.680421,35.227665,-94.245879
051310102013,1738,2.662452,652.781818,35.229739,-94.276549
051310102014,650,2.597548,250.236008,35.241271,-94.315345
051310102021,1486,1.588454,935.500802,35.217719,-94.287723
051310102022,2353,8.919264,263.811002,35.196874,-94.249260
051310103011,2457,8.305953,295.811939,35.249508,-94.408985
051310103012,1746,17.344285,100.667165,35.193402,-94.401263
051310103013,2238,18.974114,117.950171,35.191625,-94.332504
051310103031,1731,76.273189,22.694737,35.014687,-94.320859
051310103032,691,3.942224,175.281792,35.050088,-94.242727
051310103041,1074,29.037306,36.986902,35.134994,-94.370681
051310103042,1563,44.174940,35.382051,35.050064,-94.403149
051310103043,1007,14.363042,70.110498,35.153548,-94.304994
051330801001,1913,62.481723,30.616953,34.125801,-94.343659
051330801002,1666,156.382234,10.653384,34.072109,-94.198307
051330802001,1483,24.334815,60.941495,33.948795,-94.363359
051330802002,1279,88.418724,14.465262,34.058652,-94.425470
051330802003,1251,49.169727,25.442484,33.908329,-94.296217
051330803001,2302,3.876779,593.791880,34.042715,-94.368951
051330803002,1065,1.477286,720.916821,34.034909,-94.332081
051330803003,1203,1.445575,832.195038,34.056157,-94.333037
051330803004,1377,0.467974,2942.473824,34.040533,-94.342116
051330804001,1133,49.021953,23.112094,33.969206,-94.122560
051330804002,1167,126.497570,9.225474,33.846584,-94.119282
051354701001,977,91.747286,10.648816,36.373941,-91.356647
051354701002,783,22.582123,34.673445,36.315496,-91.376303
051354702011,926,17.644318,52.481485,36.319893,-91.441881
051354702012,856,5.761330,148.576806,36.325733,-91.535580
051354702013,707,1.750441,403.898162,36.303829,-91.514277
051354702021,589,1.554281,378.953290,36.302474,-91.543339
051354702022,816,3.296199,247.557846,36.276567,-91.550774
051354702023,758,3.356257,225.846796,36.276734,-91.526297
051354702024,875,1.986141,440.552774,36.312909,-91.548738
051354703001,1849,45.321482,40.797430,36.210927,-91.620336
051354703002,945,125.918114,7.504877,36.152875,-91.482100
051354703003,1166,52.278115,22.303788,36.253020,-91.430271
051354704011,1063,81.672238,13.015439,35.994207,-91.403069
051354704012,1072,61.501617,17.430436,36.019944,-91.504672
051354704013,811,3.942358,205.714435,35.953279,-91.532727
051354704021,1371,7.358666,186.310947,35.958037,-91.576644
051354704022,812,42.929219,18.914856,35.987527,-91.635130
051354704023,895,34.024156,26.304841,36.076083,-91.624657
051379501001,634,113.696892,5.576230,36.001218,-92.197870
051379501002,1453,70.787830,20.526127,35.909384,-92.319480
051379501003,647,65.464499,9.883219,35.791889,-92.372608
051379501004,1014,83.071937,12.206288,35.756923,-92.205840
051379502011,1660,107.089902,15.500995,35.828955,-91.945275
051379502031,490,34.723406,14.111519,35.773533,-91.981348
051379502032,1098,40.800471,26.911454,35.782626,-92.072722
051379502033,893,33.105257,26.974568,35.830862,-92.212217
051379502041,1381,9.919908,139.215000,35.869153,-92.068534
051379502042,1094,24.268653,45.078728,35.936944,-92.142329
051379502043,1209,7.670899,157.608655,35.886240,-92.164778
051379502044,786,15.840695,49.619036,35.912994,-92.055105
051399501001,1163,175.602191,6.622924,33.195949,-92.318167
051399501002,642,45.207953,14.201041,33.069154,-92.169601
051399501003,981,65.338894,15.014028,33.057771,-92.310273
051399502001,828,24.082893,34.381252,33.330592,-92.583095
051399502002,688,20.834623,33.021956,33.302389,-92.679083
051399502003,609,1.991193,305.846867,33.317523,-92.658827
051399502004,650,14.394799,45.155198,33.266941,-92.623934
051399502005,1208,46.129675,26.187048,33.256864,-92.538415
051399503001,757,27.929933,27.103538,33.331626,-92.741492
051399503002,1433,4.081163,351.125424,33.368327,-92.729510
051399504011,848,116.102987,7.303860,33.297508,-92.869197
051399504012,1464,33.489558,43.715119,33.248329,-92.747133
051399504021,1126,94.131022,11.962050,33.063523,-92.868988
051399504022,1243,97.647386,12.729475,33.157326,-92.874757
051399504023,1054,16.316421,64.597500,33.189562,-92.759467
051399505011,1733,6.994509,247.765771,33.161528,-92.720898
051399505012,784,22.988003,34.104746,33.129412,-92.695027
051399505013,869,52.691839,16.492117,33.059726,-92.622959
051399505021,1328,126.505512,10.497566,33.114368,-92.488841
051399505022,1349,20.604454,65.471282,33.163663,-92.638694
051399506001,608,4.041312,150.446192,33.230872,-92.630678
051399506002,885,1.192233,742.304397,33.237637,-92.647432
051399506003,688,1.874743,366.983716,33.248580,-92.659972
051399506004,549,0.280680,1955.963718,33.223493,-92.659386
051399506005,564,0.369134,1527.899912,33.216087,-92.652995
051399507001,1393,1.547068,900.412624,33.248516,-92.672287
051399507002,1546,0.960003,1610.411217,33.234002,-92.676770
051399507003,1427,1.420242,1004.758042,33.227965,-92.688597
051399507004,801,0.308640,2595.253137,33.219296,-92.676102
051399508001,692,0.640440,1080.507142,33.214728,-92.665011
051399508002,834,0.404991,2059.304776,33.212933,-92.682439
051399508003,629,0.210376,2989.886636,33.211769,-92.674608
051399508004,1111,4.422152,251.235147,33.221733,-92.718797
051399509001,792,0.866549,913.970490,33.201631,-92.668976
051399509002,1294,2.079304,622.323582,33.198286,-92.689752
051399509003,414,0.672359,615.742064,33.193279,-92.666631
051399510001,735,0.153438,4790.203549,33.189217,-92.641669
051399510002,749,2.535229,295.436776,33.202394,-92.626935
051399510003,597,1.065160,560.478920,33.192788,-92.649678
051399510004,491,0.285558,1719.442452,33.199504,-92.654966
051399510005,434,0.314158,1381.471293,33.205869,-92.652385
051399510006,1064,0.358260,2969.913771,33.208931,-92.642385
051414601001,1188,46.288097,25.665345,35.661938,-92.377004
051414601002,1366,131.706329,10.371559,35.684461,-92.616717
051414601003,733,46.163815,15.878237,35.738578,-92.473424
051414602001,1026,170.217120,6.027596,35.536630,-92.711397
051414602002,1031,45.802030,22.509919,35.600243,-92.587088
051414602003,1361,35.324429,38.528578,35.535240,-92.487844
051414603011,926,33.457408,27.676980,35.676525,-92.272743
051414603012,599,5.986363,100.060748,35.625306,-92.266453
051414603031,540,5.267176,102.521732,35.580325,-92.314001
051414603032,565,2.608197,216.624748,35.600078,-92.278629
051414603033,508,3.823874,132.849555,35.587596,-92.263778
051414603041,1456,17.314417,84.091774,35.549208,-92.393223
051414603042,662,13.551926,48.849145,35.588166,-92.400721
051414604001,873,43.078186,20.265477,35.505834,-92.289551
051414604002,1061,48.598184,21.832091,35.413074,-92.318601
051414604003,1116,31.979596,34.897252,35.419066,-92.431184
051414604004,785,28.395365,27.645357,35.483266,-92.432157
051430101011,1190,7.867194,151.261039,36.191185,-94.057616
051430101012,1536,5.040906,304.707121,36.175681,-94.060222
051430101013,1199,4.029050,297.588750,36.192535,-94.005396
051430101014,975,17.042670,57.209345,36.201616,-93.931552
051430101071,1158,0.590641,1960.580742,36.099837,-94.142134
051430101072,982,0.413983,2372.075974,36.097996,-94.127845
051430101073,1267,0.790080,1603.634923,36.090078,-94.150592
051430101074,1564,0.349418,4476.011758,36.090864,-94.127762
051430101075,1069,0.375981,2843.229714,36.085682,-94.139594
051430101081,1807,2.302537,784.786580,36.132887,-94.107759
051430101082,2141,2.394248,894.226619,36.106929,-94.110202
051430101083,2142,7.751681,276.327155,36.114155,-94.060060
051430101091,1512,23.939301,63.159739,36.144609,-93.982557
051430101092,2214,8.502949,260.380261,36.153315,-94.055996
051430101101,977,0.417789,2338.500025,36.079291,-94.138112
051430101102,1560,0.898006,1737.182802,36.059154,-94.144932
051430101103,2138,1.253321,1705.867581,36.079636,-94.129167
051430101111,714,0.375138,1903.297548,36.070487,-94.146149
051430101112,1080,0.366039,2950.507322,36.070899,-94.153292
051430101121,778,18.923798,41.112255,35.984605,-93.978162
051430101122,2119,29.842367,71.006431,36.079638,-93.990224
051430101131,3136,6.074125,516.288372,36.096154,-94.032159
051430101132,2621,3.713680,705.768944,36.075474,-94.115702
051430101133,1198,6.565443,182.470543,36.048362,-94.046512
051430101141,1465,0.515267,2843.184883,36.122177,-94.137115
051430101142,1688,1.198415,1408.527369,36.131785,-94.125666
051430101151,819,0.381339,2147.696393,36.113197,-94.137618
051430101152,641,0.271719,2359.058042,36.108143,-94.141490
051430101153,1584,0.784005,2020.395903,36.110713,-94.126182
051430102011,2288,0.747621,3060.373385,36.196076,-94.131537
051430102012,1875,0.431059,4349.751358,36.207704,-94.128798
051430102021,2725,1.416018,1924.410977,36.192693,-94.112914
051430102022,1408,1.302847,1080.709924,36.200482,-94.105437
051430103031,2034,0.473990,4291.231396,36.156055,-94.127002
051430103032,1807,0.180597,10005.726468,36.163666,-94.122106
051430103033,907,0.247319,3667.324248,36.163597,-94.130600
051430103034,1183,0.939983,1258.533809,36.144501,-94.128458
051430103041,1960,0.465084,4214.292578,36.171723,-94.131849
051430103042,2531,0.982205,2576.854400,36.153072,-94.140320
051430103051,875,0.674765,1296.747999,36.146923,-94.107775
051430103052,2329,0.401818,5796.150022,36.160968,-94.101676
051430103053,2834,0.952609,2974.988825,36.157120,-94.110114
051430103061,1847,0.293197,6299.524925,36.171242,-94.107968
051430103062,3160,0.334791,9438.732181,36.169675,-94.097872
051430103071,1532,0.550270,2784.087338,36.173711,-94.121199
051430103072,2034,0.248391,8188.711867,36.180480,-94.098805
051430103073,1264,0.666776,1895.687913,36.178176,-94.107144
051430104011,2609,0.728995,3578.898548,36.199578,-94.142762
051430104012,1297,0.586444,2211.634852,36.202788,-94.153988
051430104013,1116,0.157174,7100.424811,36.192766,-94.158503
051430104014,1331,0.234241,5682.176453,36.192614,-94.151506
051430104015,1028,0.172281,5966.992325,36.191690,-94.141801
051430104021,1181,0.414916,2846.357957,36.183630,-94.145274
051430104022,1256,0.248969,5044.802818,36.186733,-94.154362
051430104023,2682,0.512862,5229.474897,36.179608,-94.154456
051430104041,2577,1.555808,1656.374143,36.167505,-94.153623
051430104051,1528,0.648811,2355.075495,36.136213,-94.152243
051430104052,2161,0.822035,2628.840450,36.144097,-94.161693
051430104053,1430,0.865512,1652.201085,36.154076,-94.146599
051430105011,1909,13.473831,141.682046,36.196710,-94.279359
051430105012,2260,11.426077,197.793168,36.138265,-94.228579
051430105013,2497,16.660294,149.877305,36.157953,-94.291669
051430105081,1691,6.791004,249.005885,36.107622,-94.267442
051430105082,1177,5.404018,217.800909,36.089285,-94.301718
051430105083,1067,1.474078,723.842197,36.083717,-94.250822
051430105084,1990,0.522426,3809.155095,36.086858,-94.221331
051430105085,1738,0.420828,4129.951498,36.086650,-94.229095
051430105101,1417,0.573403,2471.211268,36.205930,-94.166959
051430105102,1289,0.235850,5465.344364,36.196690,-94.169915
051430105103,2106,1.033916,2036.916070,36.184727,-94.166387
051430105111,2241,3.288844,681.394424,36.147965,-94.189345
051430105112,2935,4.030783,728.146441,36.126388,-94.174535
051430105121,1227,0.533324,2300.664960,36.159059,-94.168943
051430105122,1804,0.540347,3338.596113,36.164420,-94.181213
051430105123,1443,2.197707,656.593556,36.167468,-94.198332
051430105131,1295,32.765397,39.523404,36.044127,-94.428523
051430105132,1578,42.990357,36.705906,36.035928,-94.490375
051430105133,1017,0.979254,1038.545348,35.952963,-94.420017
051430105141,716,0.815048,878.476131,35.977610,-94.325442
051430105142,1995,12.466251,160.032078,35.972650,-94.366844
051430105143,1349,39.226742,34.389805,36.071021,-94.352715
051430105151,1752,1.769998,989.831578,36.070488,-94.240679
051430105152,2366,8.225488,287.642523,36.031239,-94.278836
051430105153,2172,11.145353,194.879418,36.060779,-94.299636
051430105161,1669,0.670578,2488.897705,36.086923,-94.203100
051430105162,2516,0.433249,5807.287960,36.082275,-94.210561
051430105171,2484,1.925630,1289.967647,36.098334,-94.200292
051430105172,2999,1.897326,1580.645855,36.110762,-94.198200
051430105181,1796,1.050626,1709.456305,36.180898,-94.198204
051430105182,2542,1.439971,1765.312747,36.188793,-94.216592
051430105191,2748,1.925064,1427.484685,36.196871,-94.184329
051430105192,2236,2.934730,761.909835,36.200140,-94.206352
051430105201,2033,0.851361,2387.942130,36.049715,-94.229264
051430105202,2132,0.932903,2285.340060,36.066645,-94.225857
051430105211,1911,0.246510,7752.220630,36.073375,-94.205223
051430105212,1562,1.844395,846.890194,36.058133,-94.206792
051430106011,1263,0.245209,5150.703261,36.057937,-94.190286
051430106012,904,0.501388,1802.996217,36.073459,-94.183691
051430106013,760,1.034118,734.925891,36.070226,-94.195356
051430106021,1013,0.201203,5034.719832,36.082457,-94.195724
051430106022,1750,1.060435,1650.266189,36.092964,-94.184818
051430106023,1289,0.339118,3801.039352,36.083931,-94.179591
051430107031,1819,1.155374,1574.381934,36.099058,-94.171295
051430107032,1578,0.201244,7841.221055,36.084066,-94.168006
051430107041,1800,0.181206,9933.432907,36.082791,-94.172889
051430107042,1054,0.089498,11776.837886,36.073551,-94.169368
051430107043,1479,0.125308,11802.925980,36.073905,-94.173212
051430107051,1194,0.211242,5652.298161,36.102279,-94.153015
051430107052,858,0.184960,4638.852459,36.098698,-94.157384
051430107053,1450,0.755343,1919.657093,36.109337,-94.155319
051430107061,1042,0.644717,1616.212390,36.085705,-94.159943
051430107062,1086,0.292074,3718.236710,36.074436,-94.162979
051430110021,1177,8.435984,139.521373,35.944824,-94.431579
051430110022,1000,30.623714,32.654433,35.930340,-94.470250
051430110023,1245,0.819551,1519.124028,35.968434,-94.328094
051430110024,1511,26.921536,56.126070,35.909293,-94.356351
051430110031,1365,28.867941,47.284286,35.884264,-94.278801
051430110032,2156,19.803377,108.870320,35.921467,-94.209861
051430110033,1421,5.819256,244.189305,35.970884,-94.183687
051430110041,1263,40.550879,31.146057,35.848635,-94.198993
051430110042,1063,58.017932,18.321922,35.777117,-94.170235
051430110043,1335,70.446928,18.950436,35.819661,-94.433764
051430110051,3445,17.885995,192.608800,35.965690,-94.277210
051430110052,1018,0.410204,2481.693164,35.978532,-94.311388
051430110061,1847,2.153637,857.618876,36.018403,-94.256287
051430110062,1752,0.555517,3153.817615,36.035787,-94.247048
051430110063,1417,3.992861,354.883396,36.037997,-94.204130
051430110064,1506,13.304549,113.194366,36.006251,-94.218176
051430111031,1430,86.857304,16.463785,35.849894,-94.022534
051430111032,1311,42.603803,30.771901,35.888242,-94.096168
051430111033,1333,14.576863,91.446289,35.940200,-94.147110
051430111041,1013,0.216173,4686.057440,36.053020,-94.168109
051430111042,971,0.295367,3287.435709,36.052215,-94.175852
051430111043,1769,0.585470,3021.502774,36.052803,-94.157667
051430111051,1334,0.905967,1472.459034,36.037285,-94.172454
051430111052,1363,4.292526,317.528662,36.022855,-94.163096
051430111053,2419,0.883171,2738.994387,36.046088,-94.185708
051430111061,2675,2.335643,1145.294817,36.022634,-94.022109
051430111062,1059,12.886836,82.176879,35.992072,-94.037235
051430111071,2186,5.885407,371.427187,36.030450,-94.097910
051430111072,1696,4.614270,367.555445,36.033847,-94.130411
051430111073,1070,20.278848,52.764339,35.992732,-94.102636
051430112001,2033,0.710229,2862.458074,36.181873,-94.132948
051430113011,2017,0.184222,10948.718847,36.060244,-94.172100
051430113012,4503,0.376103,11972.787717,36.067337,-94.175834
051430113013,0,0.130712,0.000000,36.058825,-94.180019
051430113021,691,0.246010,2808.828799,36.060597,-94.163543
051430113022,1608,0.198190,8113.422457,36.066418,-94.166687
051430113023,808,0.204008,3960.623706,36.065485,-94.158407
051450701001,1187,25.203356,47.096903,35.403647,-91.527055
051450701002,1728,47.482631,36.392254,35.441021,-91.610912
051450701003,1360,61.846331,21.989987,35.349190,-91.453962
051450702001,1552,65.972611,23.524914,35.439733,-91.756624
051450702002,1787,28.689141,62.288377,35.366487,-91.816160
051450702003,1448,44.025726,32.889861,35.443013,-91.676163
051450703001,2241,58.298933,38.439812,35.253347,-91.995914
051450703002,1144,31.240333,36.619328,35.316657,-92.061090
051450703003,1748,54.868393,31.858050,35.306798,-91.908932
051450704011,1401,7.902425,177.287359,35.291271,-91.785688
051450704012,2562,0.700610,3656.814497,35.252620,-91.766090
051450704013,1887,7.597424,248.373645,35.265135,-91.800518
051450704021,2070,8.830246,234.421546,35.296285,-91.752339
051450704022,1567,0.617526,2537.544974,35.254949,-91.751918
051450704023,594,0.246433,2410.393505,35.250361,-91.742061
051450705011,1388,12.875295,107.803352,35.331865,-91.631370
051450705012,1070,7.609051,140.622001,35.288065,-91.685567
051450705013,1036,13.277694,78.025598,35.317471,-91.704676
051450705021,886,6.946648,127.543520,35.284977,-91.616685
051450705022,1694,5.207860,325.277549,35.275127,-91.649281
051450706001,1062,70.256796,15.115975,35.250488,-91.499548
051450706002,1166,7.763256,150.194703,35.344433,-91.583373
051450706003,554,10.122008,54.732222,35.312605,-91.524084
051450706004,932,5.389224,172.937713,35.345962,-91.553370
051450707001,1358,3.208814,423.209379,35.275590,-91.719423
051450707002,2085,1.545699,1348.904293,35.257038,-91.701472
051450707003,640,0.200606,3190.340381,35.251951,-91.725750
051450708011,885,0.823242,1075.017530,35.242137,-91.720720
051450708012,1862,0.174888,10646.786710,35.248514,-91.729925
051450708021,1519,1.706200,890.282240,35.241497,-91.706014
051450708022,974,1.512732,643.868327,35.226390,-91.728230
051450709011,2313,0.728491,3175.054749,35.243388,-91.755026
051450709012,1640,2.579642,635.747236,35.228176,-91.762431
051450709013,555,0.281176,1973.854023,35.243094,-91.740270
051450709021,1050,7.495271,140.088336,35.203480,-91.758191
051450709022,2053,3.096223,663.065833,35.240543,-91.799842
051450709023,1845,6.310207,292.383437,35.217286,-91.798325
051450710011,1908,29.182721,65.381155,35.147148,-91.859296
051450710012,1457,31.378999,46.432328,35.192950,-91.881092
051450710021,1101,27.591480,39.903623,35.208922,-92.041812
051450710022,1370,43.917562,31.194810,35.114322,-92.056864
051450710023,1385,32.730643,42.315087,35.155041,-91.991182
051450711011,774,100.224280,7.722680,35.126856,-91.568291
051450711012,776,16.277820,47.672233,35.205100,-91.629646
051450711013,1567,5.741955,272.903552,35.240133,-91.676831
051450711021,1561,42.058261,37.115182,35.147626,-91.691126
051450711022,1464,43.591596,33.584455,35.098891,-91.769340
051450712011,1300,0.445363,2918.969438,35.072405,-91.897050
051450712012,1700,2.628365,646.789934,35.082000,-91.906382
051450712013,2263,17.835337,126.882942,35.086927,-91.956847
051450712021,2334,19.819486,117.762895,35.056509,-91.817855
051450712022,2099,7.722725,271.795266,35.049721,-91.898697
051450712023,920,0.298921,3077.735606,35.076187,-91.886141
051474901001,668,7.847051,85.127524,35.246524,-91.222640
051474901002,528,128.730320,4.101598,35.228342,-91.150667
051474901003,605,3.884125,155.762231,35.242784,-91.179883
051474901004,480,31.309517,15.330802,34.966364,-91.321201
051474901005,866,179.871212,4.814556,35.099472,-91.157051
051474901006,727,2.050196,354.600327,35.262167,-91.178513
051474902001,623,109.805250,5.673681,35.336625,-91.308789
051474902002,806,121.668406,6.624563,35.156898,-91.366683
051474902003,966,0.799123,1208.825215,35.288584,-91.362316
051499523011,847,38.422301,22.044489,35.134543,-93.111970
051499523012,1001,4.012705,249.457666,35.179347,-93.091593
051499523013,1141,0.270237,4222.217445,35.214997,-93.157576
051499523021,2357,6.929320,340.148825,35.257136,-93.199661
051499523022,593,0.594065,998.206804,35.232549,-93.158713
051499524011,1685,48.166015,34.983172,35.109969,-93.465013
051499524012,899,34.435600,26.106704,35.120191,-93.577769
051499524021,1715,76.608990,22.386407,35.189304,-93.347813
051499524022,1760,76.869956,22.895811,35.091885,-93.216709
051499524023,2086,23.312115,89.481370,35.183468,-93.217192
051499525001,961,108.253893,8.877279,35.038396,-93.588178
051499525002,1197,12.448910,96.152993,35.028612,-93.365714
051499525003,972,28.981472,33.538670,35.055423,-93.278945
051499525004,930,34.152453,27.230840,35.033204,-93.146109
051499526001,654,98.009775,6.672804,34.955601,-93.534389
051499526002,668,307.084366,2.175298,34.844369,-93.473342
051499526003,797,31.658425,25.174973,34.985717,-93.233304
